-- phpMyAdmin SQL Dump
-- version 5.2.1
-- https://www.phpmyadmin.net/
--
-- Máy chủ: 127.0.0.1
-- Thời gian đã tạo: Th7 08, 2025 lúc 05:40 PM
-- Phiên bản máy phục vụ: 10.4.32-MariaDB
-- Phiên bản PHP: 8.2.12

SET SQL_MODE = "NO_AUTO_VALUE_ON_ZERO";
START TRANSACTION;
SET time_zone = "+00:00";


/*!40101 SET @OLD_CHARACTER_SET_CLIENT=@@CHARACTER_SET_CLIENT */;
/*!40101 SET @OLD_CHARACTER_SET_RESULTS=@@CHARACTER_SET_RESULTS */;
/*!40101 SET @OLD_COLLATION_CONNECTION=@@COLLATION_CONNECTION */;
/*!40101 SET NAMES utf8mb4 */;

--
-- Cơ sở dữ liệu: `flight_booking`
--

-- --------------------------------------------------------

--
-- Cấu trúc bảng cho bảng `client_info`
--

CREATE TABLE `client_info` (
  `client_id` bigint(20) NOT NULL,
  `age_category` varchar(255) DEFAULT NULL,
  `date_of_birth` date DEFAULT NULL,
  `first_name` varchar(255) DEFAULT NULL,
  `gender` bit(1) NOT NULL,
  `last_name` varchar(255) DEFAULT NULL,
  `passport` varchar(255) DEFAULT NULL,
  `ticket_id` bigint(20) DEFAULT NULL
) ENGINE=InnoDB DEFAULT CHARSET=utf8mb4 COLLATE=utf8mb4_unicode_ci;

--
-- Đang đổ dữ liệu cho bảng `client_info`
--

INSERT INTO `client_info` (`client_id`, `age_category`, `date_of_birth`, `first_name`, `gender`, `last_name`, `passport`, `ticket_id`) VALUES
(7, 'Adult', '2003-08-19', 'Tiến Anh', b'1', 'Trần', '123456', 4),
(8, 'Adult', '2003-01-01', 'a', b'0', 'Trần', '123456', 4),
(9, 'Children', '2222-02-02', 'b', b'1', 'Trần', NULL, 4),
(10, 'Baby', '2222-05-05', 'd', b'1', 'Trần', NULL, 4),
(11, 'Children', '2222-03-03', 'c', b'0', 'Trần', NULL, 4),
(12, 'Adult', '1212-12-12', 'x', b'1', 'Trần', '123456', 5),
(13, 'Children', '1212-12-12', 'y', b'0', 'Trần', NULL, 5),
(14, 'Adult', '2313-03-12', 'g', b'1', 'Trần', '123456', 6),
(15, 'Baby', '4567-03-12', 'i', b'0', 'Trần', NULL, 6),
(16, 'Children', '4567-03-12', 'h', b'0', 'Trần', NULL, 6),
(17, 'Adult', '4567-03-12', 'a', b'1', 'Trần', '123456', 7),
(18, 'Children', '4567-03-12', 'c', b'0', 'Trần', NULL, 7),
(19, 'Baby', '4678-03-12', 'd', b'1', 'Trần', NULL, 7),
(20, 'Adult', '0456-03-12', 'Test 1', b'1', 'Trần', '123456', 8),
(21, 'Baby', '2222-02-22', 'Test 4', b'1', 'Trần', NULL, 8),
(22, 'Children', '0111-11-11', 'Test 3', b'0', 'Trần', NULL, 8),
(23, 'Adult', '6789-05-31', 'Test 2', b'0', 'Trần', '78910', 8),
(24, 'Adult', '7777-07-07', 'Test 7', b'1', 'Trần', '123456789', 8),
(25, 'Baby', '3333-03-31', 'Test 5', b'0', 'Trần', NULL, 8),
(26, 'Baby', '5555-05-05', 'Test 6', b'0', 'Trần', NULL, 8),
(27, 'Adult', '1111-11-11', 'Test 1', b'1', 'Trần', '111111111111', 9),
(28, 'Baby', '2222-12-14', 'Test 4', b'0', 'Trần', NULL, 9),
(29, 'Baby', '5555-05-05', 'Test 5', b'0', 'Trần', NULL, 9),
(30, 'Children', '3333-03-31', 'Test 3', b'0', 'Trần', NULL, 9),
(31, 'Adult', '2222-02-22', 'Test 2', b'0', 'Trần', '22222222222', 9),
(32, 'Children', '7777-06-06', 'Test 6', b'1', 'Trần', NULL, 9),
(33, 'Adult', '1111-11-11', 'Test 1', b'1', 'Trần', '111111111111', 10),
(34, 'Baby', '3333-03-31', 'Test 3', b'0', 'Trần', NULL, 10),
(35, 'Children', '2222-02-22', 'Test 2', b'1', 'Trần', NULL, 10),
(36, 'Adult', '2003-08-19', 'Tiến Anh', b'1', 'Trần', '123456', 11),
(37, 'Adult', '2000-11-11', 'Test 1', b'1', 'Trần', '123456', 12),
(38, 'Adult', '2000-11-11', 'Test 1', b'0', 'Trần', '123456', 12),
(39, 'Children', '2020-11-11', 'Test 1', b'1', 'Trần', NULL, 12),
(40, 'Baby', '2024-02-22', 'Test 1', b'0', 'Trần', NULL, 12),
(41, 'Children', '2020-02-22', 'Test 1', b'0', 'Trần', NULL, 12),
(42, 'Baby', '2000-02-22', 'Test 1', b'1', 'Trần', NULL, 12),
(43, 'Adult', '2000-11-11', 'Test 1', b'1', 'Trần', '123456', 12),
(44, 'Adult', '2000-11-11', 'Test 1', b'1', 'Trần', '123456', 13),
(45, 'Baby', '2000-02-22', 'Test 1', b'0', 'Trần', NULL, 13),
(46, 'Baby', '2000-02-22', 'Test 1', b'1', 'Trần', NULL, 13),
(47, 'Adult', '2000-11-11', 'Test 1', b'1', 'Trần', '123456', 14),
(48, 'Children', '2022-02-22', 'Test 1', b'0', 'Trần', NULL, 14),
(49, 'Adult', '2000-11-11', 'Test 1', b'1', 'Trần', '123456', 15),
(50, 'Children', '2015-02-22', 'Test 1', b'1', 'Trần', NULL, 15),
(51, 'Baby', '2023-02-22', 'Test 1', b'0', 'Trần', NULL, 15),
(52, 'Baby', '2024-02-22', 'Test 1', b'1', 'Trần', NULL, 15),
(53, 'Children', '2022-02-22', 'Test 1', b'0', 'Trần', NULL, 15),
(54, 'Adult', '2000-11-11', 'Test 1', b'1', 'Trần', '123456', 16),
(55, 'Children', '2021-02-22', 'Test 1', b'0', 'Trần', NULL, 16),
(56, 'Baby', '2022-02-22', 'Test 1', b'1', 'Trần', NULL, 16);

-- --------------------------------------------------------

--
-- Cấu trúc bảng cho bảng `flight`
--

CREATE TABLE `flight` (
  `flight_id` bigint(20) NOT NULL,
  `airline` varchar(255) DEFAULT NULL,
  `capacity` int(11) NOT NULL,
  `departure_airport` varchar(255) DEFAULT NULL,
  `departure_city` varchar(255) DEFAULT NULL,
  `departure_date` datetime(6) DEFAULT NULL,
  `destination_airport` varchar(255) DEFAULT NULL,
  `destination_city` varchar(255) DEFAULT NULL,
  `flight_name` varchar(255) DEFAULT NULL,
  `plane_type` varchar(255) DEFAULT NULL,
  `price` float NOT NULL,
  `arrival_date` datetime(6) DEFAULT NULL,
  `remain` int(11) NOT NULL,
  `adult_price` float NOT NULL,
  `baby_price` float NOT NULL,
  `children_price` float NOT NULL,
  `round_trip` bit(1) NOT NULL,
  `return_date` datetime(6) DEFAULT NULL
) ENGINE=InnoDB DEFAULT CHARSET=utf8mb4 COLLATE=utf8mb4_unicode_ci;

--
-- Đang đổ dữ liệu cho bảng `flight`
--

INSERT INTO `flight` (`flight_id`, `airline`, `capacity`, `departure_airport`, `departure_city`, `departure_date`, `destination_airport`, `destination_city`, `flight_name`, `plane_type`, `price`, `arrival_date`, `remain`, `adult_price`, `baby_price`, `children_price`, `round_trip`, `return_date`) VALUES
(2, 'Vietjet Air', 50, 'Noi Bai International Airport', 'Ha Noi', '2025-04-30 03:30:00.000000', 'Tan Son Nhat International Airport', 'Ho Chi Minh City', 'Ha Noi (VIE) - Ho Chi Minh City (VIE)', 'Airbus A321-100/200', 1000000, '2025-04-30 07:00:00.000000', 0, 75000, 25000, 50000, b'1', '2025-05-07 21:28:00.000000'),
(3, 'Bamboo Airway', 50, 'Noi Bai International Airport', 'Ha Noi', '2025-04-30 03:30:00.000000', 'Incheon International Airport', 'Seoul', 'Ha Noi (VIE) - Seoul (KOR)', 'Airbus A321-200/300', 2000000, '2025-04-30 07:00:00.000000', 27, 150000, 75000, 100000, b'0', NULL),
(8, 'Vietjet Air', 60, 'Noi Bai International Airport', 'Ha Noi', '2025-04-29 07:30:00.000000', 'Haneda International Airport', 'Tokyo', 'Ha Noi (VIE) - Tokyo (JPN)', 'Airbus A321-500/600', 2500000, '2025-04-30 10:00:00.000000', 58, 150000, 75000, 100000, b'1', '2025-05-11 02:00:00.000000'),
(9, 'Vietnam Airline', 55, 'Noi Bai International Airport', 'Ha Noi', '2025-05-07 15:00:00.000000', 'HanedaSheremetyevo International Airport', 'Moscow', 'Ha Noi (VIE) - Moscow (RUS)', 'Airbus A321-800/900', 3000000, '2025-05-09 00:30:00.000000', 50, 200000, 75000, 150000, b'0', NULL),
(12, 'Vietnam Airline', 30, 'Tan Son Nhat International Airport', 'Ho Chi Minh City', '2025-05-07 22:23:00.000000', 'Wattay International Airport', 'Vientine', 'Ho Chi Minh City (VIE) - Vientine (LAO)', 'Boeing 737/200', 1000000, '2025-05-07 14:23:00.000000', 0, 75000, 25000, 50000, b'0', NULL),
(16, 'Qatar Airways', 80, 'Tan Son Nhat International Airport', 'Ho Chi Minh City', '2025-05-09 07:30:00.000000', 'Doha International Airport', 'Doha', 'Ho Chi Minh City (VIE) - Doha (QA)', 'Boeing 737/300', 3000000, '2025-05-10 10:00:00.000000', 0, 200000, 100000, 150000, b'1', '2025-05-15 14:00:00.000000'),
(17, 'Vietjet Air', 100, 'Noi Bai International Airport', 'Ha Noi', '2025-04-30 10:00:00.000000', 'Tan Son Nhat International Airport', 'Ho Chi Minh City', 'Ha Noi (VIE) - Ho Chi Minh City (VIE)', 'Boeing 737/300', 100000, '2025-04-30 14:00:00.000000', 100, 50000, 0, 25000, b'1', '2025-05-07 12:00:00.000000'),
(18, 'Vietjet Air', 60, 'Noi Bai International Airport', 'Ha Noi', '2025-04-30 00:00:00.000000', 'Tan Son Nhat International Airport', 'Ho Chi Minh City', 'Ha Noi (VIE) - Ho Chi Minh City (VIE)', 'Airbus A321-100/200', 200000, '2025-04-30 06:00:00.000000', 60, 100000, 10000, 50000, b'0', NULL),
(19, 'Vietnam Airline', 90, 'Noi Bai International Airport', 'Ha Noi', '2025-05-13 05:00:00.000000', 'Tan Son Nhat International Airport', 'Ho Chi Minh City', 'Ha Noi (VIE) - Ho Chi Minh City (VIE)', 'Airbus A321-500/600', 1000000, '2025-05-12 07:00:00.000000', 90, 100000, 25000, 50000, b'0', NULL),
(20, 'Vietravel Airline', 70, 'Noi Bai International Airport', 'Ha Noi', '2025-06-02 04:57:00.000000', 'Heathrow Airport', 'London', 'Ha Noi (VIE) - London (ENG)', 'Airbus A321-150/260', 3000000, '2025-06-04 04:57:00.000000', 70, 100000, 24999, 50000, b'0', NULL);

-- --------------------------------------------------------

--
-- Cấu trúc bảng cho bảng `flight_ticket`
--

CREATE TABLE `flight_ticket` (
  `ticket_id` bigint(20) NOT NULL,
  `adult_seat` int(11) NOT NULL,
  `baby_seat` int(11) NOT NULL,
  `children_seat` int(11) NOT NULL,
  `total_price` float NOT NULL,
  `flight_id` bigint(20) DEFAULT NULL,
  `user_id` int(11) DEFAULT NULL,
  `booking_date` datetime(6) DEFAULT NULL
) ENGINE=InnoDB DEFAULT CHARSET=utf8mb4 COLLATE=utf8mb4_unicode_ci;

--
-- Đang đổ dữ liệu cho bảng `flight_ticket`
--

INSERT INTO `flight_ticket` (`ticket_id`, `adult_seat`, `baby_seat`, `children_seat`, `total_price`, `flight_id`, `user_id`, `booking_date`) VALUES
(4, 2, 1, 2, 1275000, 2, 2, '2025-05-18 22:12:49.000000'),
(5, 1, 0, 1, 1125000, 2, 2, '2025-05-18 22:40:46.000000'),
(6, 1, 1, 1, 1150000, 2, 2, '2025-05-18 23:08:39.000000'),
(7, 1, 1, 1, 2325000, 3, 27, '2025-05-19 22:34:16.000000'),
(8, 3, 3, 1, 2775000, 3, 2, '2025-05-26 00:24:14.000000'),
(9, 2, 2, 2, 2650000, 3, 2, '2025-05-26 00:36:31.000000'),
(10, 1, 1, 1, 2325000, 3, 2, '2025-05-26 00:43:08.000000'),
(11, 1, 0, 0, 2150000, 3, 28, '2025-05-26 00:53:04.000000'),
(12, 3, 2, 2, 1375000, 2, 2, '2025-06-01 21:22:08.000000'),
(13, 1, 2, 0, 1125000, 2, 2, '2025-06-01 21:24:08.000000'),
(14, 1, 0, 1, 2750000, 8, 2, '2025-06-01 21:37:30.000000'),
(15, 1, 2, 2, 3650000, 9, 2, '2025-06-01 21:46:10.000000'),
(16, 1, 1, 1, 2325000, 3, 2, '2025-06-01 21:54:51.000000');

-- --------------------------------------------------------

--
-- Cấu trúc bảng cho bảng `mail`
--

CREATE TABLE `mail` (
  `mail_id` bigint(20) NOT NULL,
  `content` varchar(1000) DEFAULT NULL,
  `email` varchar(255) DEFAULT NULL,
  `full_name` varchar(255) DEFAULT NULL,
  `status` bit(1) NOT NULL,
  `title` varchar(255) DEFAULT NULL,
  `send_date` datetime(6) DEFAULT NULL
) ENGINE=InnoDB DEFAULT CHARSET=utf8mb4 COLLATE=utf8mb4_unicode_ci;

--
-- Đang đổ dữ liệu cho bảng `mail`
--

INSERT INTO `mail` (`mail_id`, `content`, `email`, `full_name`, `status`, `title`, `send_date`) VALUES
(19, 'Xin chào, tôi là Trần Tiến Anh. Tôi có 2 năm làm việc trong lĩnh vực lập trình web. Với sự đam mê và cam kết trong công việc, tôi luôn nỗ lực không ngừng để phát triển bản thân và hoàn thiện kỹ năng nhằm mang lại những giá trị tối ưu cho công ty. Trong công việc, tôi đặc biệt chú trọng đến tư duy sáng tạo, khả năng làm việc nhóm. Tôi tin rằng những kinh nghiệm và kỹ năng tôi có sẽ là nền tảng vững chắc để đóng góp tích cực cho đội nhóm và giúp công ty đạt được mục tiêu.\nSincerely\nTranTienAnh', 'tienanh@gmail.com', 'Trần Tiến Anh', b'1', 'CV', '2025-05-23 22:53:34.000000'),
(21, 'Xin chào, tôi là Trần Tiến Anh. Tôi có 2 năm làm việc trong lĩnh vực lập trình web. Với sự đam mê và cam kết trong công việc, tôi luôn nỗ lực không ngừng để phát triển bản thân và hoàn thiện kỹ năng nhằm mang lại những giá trị tối ưu cho công ty. Trong công việc, tôi đặc biệt chú trọng đến tư duy sáng tạo, khả năng làm việc nhóm. Tôi tin rằng những kinh nghiệm và kỹ năng tôi có sẽ là nền tảng vững chắc để đóng góp tích cực cho đội nhóm và giúp công ty đạt được mục tiêu.\nSincerely\nTranTienAnh', 'tienanh@gmail.com', 'Trần Tiến Anh', b'1', 'Hello', '2025-05-23 23:05:36.000000');

-- --------------------------------------------------------

--
-- Cấu trúc bảng cho bảng `user`
--

CREATE TABLE `user` (
  `id` int(11) NOT NULL,
  `address` varchar(255) DEFAULT NULL,
  `date_of_birth` date DEFAULT NULL,
  `name` varchar(255) DEFAULT NULL,
  `password` varchar(255) DEFAULT NULL,
  `role` varchar(255) DEFAULT NULL,
  `username` varchar(255) DEFAULT NULL,
  `email` varchar(255) DEFAULT NULL,
  `phone_number` varchar(255) DEFAULT NULL,
  `avatar` longblob DEFAULT NULL,
  `gender` bit(1) NOT NULL,
  `avatar_type` varchar(255) DEFAULT NULL
) ENGINE=InnoDB DEFAULT CHARSET=utf8mb4 COLLATE=utf8mb4_unicode_ci;

--
-- Đang đổ dữ liệu cho bảng `user`
--

INSERT INTO `user` (`id`, `address`, `date_of_birth`, `name`, `password`, `role`, `username`, `email`, `phone_number`, `avatar`, `gender`, `avatar_type`) VALUES
(2, 'Hà Nội', '2003-08-19', 'Trần Tiến Anh', '$2a$10$XSZa20tPROYaqOsYqdST0uEkd5.0mrJUZ5yw9SCxUPVnpYAdgWD6O', 'USER', 'tienanh_753', 'tienanh@gmail.com', '0123456789', 0x89504e470d0a1a0a0000000d49484452000004b0000004b0080400000041287b440000000467414d410000b18f0bfc6105000000206348524d00007a26000080840000fa00000080e8000075300000ea6000003a98000017709cba513c00000002624b474400ff878fccbf0000000774494d4507e8060f02352a9bee09b700006fbf4944415478daeddd779c15d5c1c6f1df2ebd4855ac0882bd2b76b0216814b0f75e22c4126b628fd1188d1a8da289bea2067bef60c74e15111b60418a0da523bdeefb87485029bbb7cc9d73e6f7f5f3fa26c6dd3be739b3cb73cf993b53462995d192f568494b5ad074f15f65d4a41e92244995339379543069f15f6319c3184631a6b415a714afb9093bb31d5bb2390d3c2b24495211fcc8c77ccc6006f029157117ac0dd8978eec4213675d9224256412fd79859718195bc12a63170ea333ad9d634992542223e9cd630c4c623dabf8056b0b4ee2509a3bab92242905bee2717a322cdc82558f2338959d9c494992943203b8934799155ac16ac6e99c4953e74f9224a5d434eee57abe0da560adc7a51c4b2de74d9224a5dc5ceee36ac6a6bd6035e74f74b35c4992a460cca72757f14d5a0bd62a5cccb9d4769e24495260667323d732b350dfae5ac18ada893cc3be547786244952706ab01b2730818f0b558c0aa1353d68efdc4892a4c0bd43573ecdffdbe4bf82559d8b78940d9c11499214bc169cc282fc6f469aef0a564beea79db321499222328863f37bb04e795e2f7f321f5baf24495264766408c7e5f30d725fc1aacdbf39c51990244991ba9f6ecc4eb66035e709763079499214b1f7398431c915acb63cc3aaa62e499222379e031858f52fcbe51aac4378d57a25499232a0196f7264d5bfaceab769389f3ba961de92242913aa7330d31854dc827521d717e501d1922449e954c6efa8439f6215ac32fec9e5a62c499232a71d75ab52b1aa52b0aee502f395244999d49646bc5cf8827525979aad2449caac9d58c8db852d58e773b5b94a92a44c6bcf94ca5dee5eb90bd60fe3913c1faa2329e3ca684c231ad388dad4a51e356948751a526bc97fab4103a03675967c45a3255f5d7fc98797e73363c93f9dbae469acb399034c6301d398c74c663177a9ff3693394c652a5396fa0a49cac9220ee3a9c214ac1d7883ba262a6965ead28c356846131afde6af862939c6694cfdcd5f9398c038c6e7fa440c49d9329bbd18907fc16ac9606f2b2ae9971ab206cd16d7a9fffdbd7ee0a39ac138c63381eff961a9bf4f73ba25fdd278b6e3ebfc0a566dde613b9394b2ad166bb3166bd28a56acc59aac9f9af5a824cce13bc6f11da318c538be63a4954bd250daae78d17b6505eb6e4e3645296b9ab03ead6941739ab32eebd0d4487e6112dff0155ff10d6319c9974c3612297beee7f8dc0bd6c9dc6d82521634a6d592bf36634d03a992298c5aeaafd15e482f65c3f1dc9f5bc16ac507ac627e529c1ab1299bb23ead599ff583bf7a2a4da6f3252319c9970c6738530d448ad50cb6e58baa17aceabcc34ea627c555aa5ab3199bb2199bb29e8f154dc41486338ce10ce3637e300e292efdd99d05552d5897786b51c952a5e294ad4ff8de38a4185cc475552b581bf221b5cd4d0ad55ab4a10d9bb2199b58aa52691cc318ce108630dc6bb6a470cd664b4656be6095d187f6a62685a51a2dd88c36b461079a194730a6f1094318c2103e65a17148a17993f6cb7a97b4ec8275223d4d4c0a4375366307b6611bb6f4910b819bc9470c652883f9c4aa2585e3581eac5cc1aacfe77e4a5b4abb35d98e36b4a1dd524fec533c55eb03863084b719631852da7dcb46ccac4cc1fa07179996944e35d892768bafaf52168c630843e84b3f9f9428a5d7555cbef282d59ccfbdbc5d4a9b96b4634776622b6a184626cd67288318445fc61a869436b3599fef5656b0eea0ab494969d18a76b4a523eb1985161b475ffad197f7fdf4a1941effe1cc1517ac167c4e4d73924a5fac3ad08edd59d728b41c3f3098bef461288b0c432ab5796ccce81515acbb38c594a452a9c6c6b4a5037bb2aa61a8927ee45dfad08f41cc370ca974eee00fcb2f58ab33c6ebafa452d8908e74640f1a1a8572349537789557977dcf4349c53697964b3fa2e19705eb1a2e362129494d694f07f6a6a551a840c6d197de3ccf24a39092f58bcf122e5db0eaf1154dcc474a4275b6a2031dd883ea86a12258c450fad08777986b18523226b12eb39655b04ee12ed3918a6d33f6a623bb7bd7752562266ff12aaf30dc28a4e23b917b9755b006b2a3d948c5529d9de8cc816c64142a8131bc426f5e713d4b2aa6beecfadb82b5051f998c540cabb21f9dd9870646a1129bc5ebf4a2f7afef8828a95036fb79b9f87f05eb46ce3317a9d03f699de9c2ce941b85526538bde84d3f6f552a15daf55cf8cb8255c618ef6828154a1df6a2339d58c7289462dfd09bdebcc61ca3900ae52b5afef4cee5e782d58e774c452a44b5eac0611ce076a082319bd7789ca7996e145221ecc42060c9cec5a12622e5a71187711fe3798ee3ac570aea4d4167ee653cbd389e46c621e5ebf09ffedfcf2b5823696d26526e9ad099c3d8dbc7782a780b19c8e33cbaf4eda82555cd676cfcbf82b5219f99885475abb21f87b10f358c42d1d5acc7fdaca1949bf5f9f2e72dc27d4d43aa6ab53a9d77f8817be96cbd5264aad1969bf99ab7398da6c62155d53ef0f30a562f3a9b87543975e8ccf1ae5a292316f206f77b09bc5415cf70d04f05ab8c893e8350aaccfbfa3d399e83a86f14ca9839f4e13e9e659e51482b3791665494019b32cc34a4152967170ee3489a1985326c0abdb98fd7bc3da9b4321bf3597560179390966f2b8ee1489a1b8432af31c7711c5ff1300ff96c356945daf25939d0c624a46569445786f0017fb65e494baccb857cc8302e6435c390966ddb9faec1eacfce66212dad9cf61ccfa1d4310a69b9e6f10af7f1340b8c42faa577d8ad8c32a67adb69e97f36e4684ea485414895328ec7b98b8f0d42fa9fa93429a325a34d420268c0811cc75e4b1e7020a9b286d08387bd9983f4b3e665ec451f7350d695b13b277128758d42cad94c9ee0bfbce3a70c25d8bd9c96a6a06c6b48573ee20d8eb75e4979a9c709bcc5675ce8fddfa5f52c58cab436dcc177dcc1e6462115c8065ccbb73c4607a350c60b969f3f5726d5e678dee73dbaba6e25155c2d0ee3558671b6cf3d5056ad5bee8d4c943d1b712ddf722fdb188554449b7233df72075b1985b267d53206b2a339282b6a72005dfd9ca094b021f4e07e661b84b2a37f1923696d0eca82b5389dae2ed94a2532811efc877106a16cf8bc8c1f7c7eade2b72ddd389eda062195d47c9ee126061884e2f77d195369680e8a57399d38cbcf33492932845b78c807ec286e53ca98e5e3d614ab069cc4b93ef4464aa171f4e016261b846235ab8c05543307c5677dfec829d4330829b566f010dd196e108ad1c2329f69a0f874e45c7ee72705a5002ce2456ef6896d8a90054b5129a71397b183414841f9907f7955962c58523ad5e2082e6123839082349aeef4f05e59b2604969b20a2773016b198414b4f1dc4e77a618842c5852e9adce699c4d238390a2309d9e5ccfb706210b96543aad389b53bdd3881499793cca357c6a10b26049c96bc3c51c44b94148515ac4935ccbfb06210b96949cadb89443bd118314bd3e5cc2606390054b2abeadb9c4722565aa645dcabbc6200b96543c3b71299d2c5752064bd6650c320659b0a4c2db994be86c0c52864bd65f18680cb2604985b30b175bae24d18fbff08631c88225e56f57feca5ec62069b157b892fec6200b9694bbcdb99cc38c41d2aff4e1426fe1200b96948b8db89463bccf95a465aae0092ee3738390054baabc75f80b2753dd2024adc0021ee672c618842c58d2ca35e5cf9ce5e36f2455ca3ceee1727e300859b0a4e5abc7995c4c438390540533f80fd7f0a341c88225fd564d4ee44ad63008493998c80d74678e41c88225fd4f39c77115cd0d42521ec6f2171e649141c8822501b4e706b631064905f03ee7f3a631a8e4fc0cbc4a6c431ee335eb95a402d996377895cd0c4225e60a964aa80917702e350d425281cda7277f61bc41c882a5aca9c9695c41238390542453b9d6cbde65c152b64ebb43b996560621a9c8bee632eef70f3a59b094053b72236d8d41524206733eef188312e645ee4a54731e65a0f54a5282b6e72d1e626d8350a25cc152626a703a57b18a41482a8159fc937f30d72064c1525c3a700b9b1883a4121ac9393c6f0cb2602916adb999cec62029057a7336a38c4145e735582ab2ba5cc127d62b4929d1991174a7be41a8c85cc1525175e1565a1883a494f9964bb8cf1864c1528836a23bfb1883a4947a83b3f8c41854246e11aa28ea73239f58af24a5d89ebccff5d4330815852b582a82cefcdb8d414941f896b379d2185470ae60a9c0d6e23e7a59af2405626d9ea017cd0d42162ca5f974eaca088e33084941e9cc082ea49a41a880dc2254c16ccd1dec600c920235946e0c360615882b582a88ba5ccb7bd62b4901db86fe74f7715e2a1057b054005df837eb1a83a4087cc7d93c610cb260a9d4d6e13fec6f0c9222f23467f29d31282f6e112a2f87f1a1f54a52640e62385d293308e5c1152ce5ac0577d2d1182445ea65baf295312847ae6029c766de958fad579222b60f23b8d03f2695f39f93ae60a9cad6e32eda1b83a40ce8cb297c6e0caa32abb9aadcc9bbf291f54a5246b4e3036f42aa9cfeb474054b55d09abbd8c31824654c7f4ee153635015b882a52a9c2c5df9d07a2529837661a8eb58aa1257b054491b721f3b1a83a40c1bc8f17c610caa1457b054a91ede9521d62b4919b7131f72b6f7c75225ffe474054b2bb13a77d1d9182409805738996f8d412be10a9656e2508659af246989bdf984638c41162ce5ae2177f0384d0d429296d28807788c2606a115708b50cbb5173d696e0c92b44c5f71226f188396c3152c2d536daee515eb95242dd7babcc61dd435082d932b585a862db99f2d8d4192566a38c7f1be31e8375cc1d26f4e890b79cf7a254995b2290338df5b37e8375cc1d22f34e31ef6350649aa92d7388e71c6a0a5b882a5a574e003eb952455d95efef694054bcb569d2b7899350d429272d08ce7e94e4d83d0626e110a80963cc4cec6204979798fa318690cc2152c01701843ad579294b7ed78dfbbbccb8225803a74e7311a19842415c02a3cc07dd43788cc738b30e3b6e561363406492aa8cf388aa1c69069ae6065da99f4b75e4952c16dc4004e33864c73052bb3ea7327471a832415cd437463863158b094251bf3389b1b832415d5671cca27c690496e1166d231bc67bd92a4a2db88011c650c162c65412dbaf300f50c429212509f87b8c31b9066905b8419d39cc7d8c91824295143388cd1c69029ae60654a273eb05e4952e2da30d867155ab014a76a5cc173343108492a81a63ccfb5543388cc708b30239af1287b18832495541f8e66823158b0148bad798616c6204925f70d0733d81832c02dc20c388a7ed62b494a8575789b138cc182a5d055e35a1ea2ae4148524ad4e61eeea0ba4144ce2dc2a835e1113a1a8324a5ce5b1ce6d558162c85694b9ea6953148522a7dc9417c6c0cd1728b305a87d1df7a2549a9d59afe1c6a0c162c85a48c0b79d4c7e14852aad5e731aef50fe268ff24768b303aab703f0718832405e1458e66aa3158b094761bd09b0d8d419282f1295d18690c91716532326de967bd92a4a06ccc209fb561c1529a9dccebac660c92149826bccc89c660c1521a9571057753d32024294035e94977ff508eea4f65afc18a423d1ee0406390a4a03dc571cc32060b96d2622d9ea38d314852f03ea40b5f1b43045c8d8cc0560cb45e4992bfd165c152e11c4c7f9a1b832445622ddef2920f0b964aed6c1ea7ae31485244eaf114571843e0bc062b60d5b983938d4192a2d4833358600c162c25ff0ee7513a19832445eb150e65ba3158b094a4d579decb2025297283e9cc7863b0602929ad79910d8c4192a2378a7df9dc1802e445ee01da8101d62b49ca8456f4671763b060a9f8f6e70d9f37284999d19457e86c0c162c15d7c93ce96d19242953eaf10c7f30060b968ae5a7c73957370849ca986adcceb5941944507f667b917b20aa731ba71a832465d6bd9cca7c63b060a990eaf104bf330649cab417388c59c660c152a134a2376d8d4192326f109d98640c162c15c2eabcc4d6c620490286b137df1983054bf96ac1abdef54a92b4c4683af2a531a49c9f224cb94de86bbd92242d653dde610b63b0602977dbf136eb188324e917d6e44d7632060b9672b307afb1aa3148927ea309afd2d1182c58aaba2ebc48036390242d537d7a71b03158b05435c7f214b58d4192b45cb5788c938dc182a5ca3b9bfb7c248e246925aa71177f34060b962ae7cfdcec13a724499550c62d5c660c162caddc855c6f0892a44abb8abf1a420aabaf371a4d952bfc31912455d9755c6408162c2dff5d880bbd92a45cfc930b0cc182a5654dc5bf38c718244939ba8d33fd43dd82a55f4fc4cd9c650c92a43cdcc1e92c32060b96fe370db77286314892f274277fb06259b0f49372eee22463902415c0431ccf4263b060a91a7773823148920ae4118e6381319498b70b2f79bd7a80238d419254304702c7ba8a5562de68b4c4f1f7b45e49920a5eb11ea29a3158b0b2aa8cdb38ce18244905773877f947bc052babf5ea3f7433064952519cc89d3ed7d68295c57a750ba7198324a9684ea6bb15cb829535ffe04c43902415d51ff9972158b0b2e41a2e34044952d19dc38d8660c1ca8aabb8d810244989388f2b0cc182950597739921489212f357ffdc2901efe49ef83b09176b254949bb847f1882052b5e6773b32148924ae08ffcdb102c58713a967bdd939524954405bfe7bfc660c18acffe3ce9a31f254925b3902378d2182c5871d99317a86d0c92a4129a47175e31060b563cb6e7355631064952894da73def1983052b0e9bf1164d8d4192940213d99de1c660c10a5f73fab2ae31489252e25bda31c6188acc0fb51559335eb55e499252646d5e650d63b06085ac212fb19131489252657d5ea1b13158b04255975e6c630c92a4d4d98217a8670c16ac10d5e04976350649522aedc463de9dd182159e32eee077c620494aadfde849993158b0c272152719822429d58ee5af865024dea6a1284ea587214892027006b71982052b0c9d78c67d6d495210167208cf1a83052bfdb6e70d3f9921490ac62c3a30c0182c58e9d69afe34330649524026d296cf8da1a0bcc8bda056e345eb95242930abf222ab1b83052badeaf21c1b1883242938ade8ede52d16ac74aac6c3ec640c92a4206dc7a37e40cb8295463dd8df102449c1eac4bf0dc18295361773b221489282d68df30da140fc1461411ccce376554952f01671b077c5b260a5c5b6bceda58192a428cc620f061b8305abf4d66210eb1883242912dfb123df18439edcd7ca531d9eb15e499222b216cfba2f63c12a757c0fb1bd314892a2b22df759102c58a5742d071a8224293a07f37743c88bd760e5e124fe6b0892a44875e54e43b060256f57fa50d3182449919acf3ebc610c16ac64b56210ab1a8324296293d9892f8c21275e83959346bc60bd922445ae09cfd1c0182c58c985763f1b198324297a1bf318d58cc182958cbfd3d910244999b00f7f35841c780d56951dcc139419832429232a3892c78cc182555c5bd2dffbdb4a923265063bf3893158b08aa709efd2da182449193386ed99680c55e0355855508d07ad5792a40c6ac9435eec6ec12a967ff23b439024655247ae31842a708bb0d28ee57e43902465d8d13c6c0816acc2da86bed43506495286cd665786188305ab70566730cd8d4192947163d99e09c650095e835509d578c07a2549122d78d48bdd2d5885f2773a18822449c09e5c6e0895e016e14a75a297776e972469b14574e64563b060e5675ddea7a9314892b4c464da30c61856c82dc215aac593d62b49927ea1098f52cb182c58b9ebce76862049d2afecc03f0d6185dc225c81a378c81024495aa6e378c0102c5855b7118359c51824495aa619ecc87063580eb70897a33e4f59af2449f24f4a0b5621ddcea6862049d20a6cc41d8660c1aa8a3339d61024495a89a3e86608cbe43558cbb02dfdfdf8a924499530979df8c0182c582b578f216c640c922455ca176ccb0c63f815b7087fe336eb95244995b6013719c26fb882f52b87f3a82148925425c778e7480bd68ab4e67d1a1883244955328d6d186d0c4b718b70293578d07a2549529535e4516a1883056bd9fec18e862049520eb6e74a43588a5b844becc38b94198324493959c43ef431060bd62f35e343d63006499272f6035bf3bd31006e112e89e101eb95244979599d9eee0559b09676011d0d4192a43cfd8e730c01708b1080360cf0b30f922415c03c76e04363b060416d06b3b96782244905319c36ccc97c0a6e1172bdf54a92a482d994ab0cc115acbd78d50bf224492aa04574e00d0b569687df908f58d79f0449920aea1bb6644aa613c8f816e16dd62b49920a6e1d6eca7802995ec13a9827fd199024a9280ee7710b5616adc54734f5fc9724a92826b24586efeb9ed92dc232eeb45e49925434ab724f863f4696d982753afb79ee4b925444fb706a66c79ed12dc2d67c407dcf7c49928a6a26dbf27926479ec915ac6a3c68bd9224a9e8ead1936a16acac389f1d3de725494ac02e9c9dc97167708b70238652c7335e92a444cc626bbec8dca8cbb337e0bbac57922425a62ef76470c32c73233e8b769eeb92242568174ecbdc9833b645b81e1f7979bb2449099bc9567c99a911676a05ab8c1ed62b499212578f1e19bbe968a60ad66974f01c9724a904daf3fb4c8d37435b842df898553cc325492a891fd99caf3333daccac60957187f54a92a49269c01d191a6d660ad6efd9c7735b92a412da97e33333d68c6c11aec52734f6cc9652680e13f881a9fcc80c66309da9cc603a339806c00ce6ffe2ff435d6a01653402a03675a847431ad0908634a4f1e2ffdc941a462ba5d03436e35b0b563c9e657fcf6aa9e466309a317cc504c6338e094c601cd38bf4abad19abb3ceaffecfd22595de131c66c18ac5c13ce9192d95c04246f1056318c368c6308689253d9aeab4647d366003d667035a58b7a412d99f5e16ac18acc270d6f17c9612b2802f19c6083ee153463037b5c75983166cc0266cc5d66c62d99212f4159b31c38215be9b33fa1c6f2949b318ca60dee3233e635e70475f93cdd99aadd89aad68e8644a45f74f2eb06085ae0d83a8e6b92c15c57c3e61308319cc30164432a656ecc82eeccae6fee6908a66013b30d48215b272fab3a367b25460b3e9cf5bbcc960e6443bc606ec425b76657bea3ae152c10d6667165ab0c2750e3779164b05338b01bcc51bbc1be03660ae6ad0865dd99b5da9e5092015d019dc66c10ad55a0cf77a0aa9203ee0055ecc54b1fab57aecc9beec436b4f06a9207e64d3a8ef881575c17a9a033d83a5bccca61fbd783a43cf0f5b995674a003bff3d15b52de1ee3080b5688f6e379cf5e29675fd39bdebcc16ca35886daecc36174a18151487988f98e58d116acba0ca3a5e7ae9483493ccffdbcce22a358895a74e4300ef05204294731df112bda827523e779e64a5534855e3cce4bd1dc72c19a25a5ddf55c68c10ac9a67ce09d99a52a98c1133cc26b56ab9cd5a63327b3b777cf92aa6401dbf089052b1cafb3a767ad544943b88f07986c1005b016c771aa9f3494aae0353a58b04271048f78c64a95308d47f9bfe8efa79cbc3674e518ea1984542987f094052b0475194e0bcf5769852a7893bb782ae23bb1975a238ee20f6c6910d24a7dcd26cc8c6e54e5f14dd465d62b6985e6711f5bd19e87ac57453495dbd98a763c1ef9e340a4fc35e7cf118e2aba15acd67c426dcf566939c6d3935bf8ce2012fdadf4477eef86a1b40273d894d116ac74eb4d27cf5469993ee436eef7c6a125d18013399f750d425a8e6738c88295669d23be27ac948f37f93baf194349d5e0502e660b839096693f5eb460a5554d3e6643cf51e957fa7285e52a35bf723b7125db1a84f41b23d99cb9118d27aa8bdcff6cbd927e53aef66257eb556a54d09bede8c2fb4621fdcafa9c15d9dba96856b0d6e1532f23957e51ae2ee70d6348e9afde4e5c411b839096329d4df8369ad144b48275a3f54a5a6200edd8d57a955a15f4667b0ee123a390965885eba27a1b15c90ad6cef4a3ccb35302c6f2171e88f539ee9129e7106ef0d385d292b71ebbd2cf8295ae61f46517cf4c89c95ccfcd515d281abfbafc914b59c520246020bb44f2f630922dc2a3ac5712f3e84e6baeb35e056616d7b1313dbce3bb04ecc421918c248a15acda7ceae37194798ff127be3686806dcd8db4370665de683689e26d62142b58e758af94715fb00f4758af02f7017bb13fa30c4219b71e6744318e0856b056e30b1a7a462ab3e6711357f8d8e668d4e1022ea6964128c3a6b20113831f45042b58575aaf9461afb3151759af22329b2bd992d70d4219d688bf44308ae057b036e2636a78362a93bee51c9e30862895f17baea5894128a3e6b3399f073e86e057b06eb05e29a31e674beb55b42ab8930de8e1ddcc94513522b8e568e02b587b78a76a65d27774a3b7316440077ab09e3128a3677fd84f510dba6095f3aecff252063dce694c32868ca8cb359ce5732a944143d98e45011f7fd05b84c759af9439e33984c3ad5719328b73d88fef0c4299b30d47077dfc01af60d5e6739a7b062a531ee7f4083ebcacaa5b8dffe3606350c68c65a3806f391af00ad6e9d62b65ca1ccee670eb55464de0100e678a4128535ad02de0a30f7605ab3e5fd2ccb34f99f12947f0913164dcbaf4f4613acad85b8bd64c0ff4d8835dc1fa93f54a19f25fda58afc45774e4121f0aad0c598db3833df64057b056e54b1a78e62913a6731a0f1a8396d88d8759cb189411d3681de8c77a025dc1bac47aa58c184a1beb957ee16dda7807406546432e0cf4c8835cc15a9b2fa8e359a70c7898df33cb18f41bd5b88ccb637898acb45273d8806f023cee207f3eafb45e2903167211475bafb49cb3e34a3af2834128036a735990c71de00ad6860ca3ba679c2237992379d518b442ebf0086d8d41d15bc0e67c16dc5107b88275b5f54ad1fb98edad575aa96fd883ff1883a2579dbf0678d4c1ad60b561b04fe552e47a712c3f1a832aa92bfff16da72257411b860676ccc1ad605d63bd52e4aee400eb95aaa007fb7bc62872655c15e03107b582b52b6f7b9e29620b39833b8c4155b621bdd8d01814b55d1810d4f106b682f557cf30456c260758af9493cfd9c57b632972970776bc41ad60ed423fcf30456b125d027b7fa674a94e774e370645ac5d502d20a815ac2b3dbb14ad2fd8c17aa5bc2ce00c2e0cf3e96752a55c1ad4d106b482b533fd3dbb14a977e9cc046350011cc7ddd43006456a47de0de658035ac1bac2334b91eac39ed62b15c8fd1ccc6c6350a442ba0e2b9815ac9ddc3e51a45ef20f4415fc5dfef3343506457a7687b28615cc0ad6159e558ad2f31c64bd52810d62b7201f8e2baddc5f8239d24056b0bc7fbbe2f438c730df1854042d78998d8c4111da81c1411c67202b585759af14a10739da7aa52219cbaebc670c8ad065811c67102b58ae5f29ce7a75220b8c4145d48097d9c918149ded8378f310c40ad695d62b45e7018eb75ea9c87e641f061a83a213c6fdb00258c1da8e772d588acc731c62bd52225cc5527c2ad8960f527f9401ac605d6cbd5264dee008eb9512e22a96e253c645411c65ca57b0366278684fa49656e85d3a30dd18942057b1149b856cc217293fc6d477973f5baf14954fd8cf7aa584b98aa5d854e3bcd41f63ca57b0d66614353d93148d2fd98def8c4125d09097d9d118148db9acc7b8541f61ca9787ceb15e292213d8db7aa512994627461883a2518b3fa6fc0853bd82d590b134f42c5224e6b017fd8d4125b436fd59d71814891f599769293ebe54af609d69bd52342a38d57aa512fb967d996c0c8a4403baa5faf852bc82559bd1ace119a4485cce5586a014d891d7a8670c8ac20fb4644e6a8f2ec52b58275baf148d47f9bb2128150671a47761532456e7b8141f5d6a57b0aaf129eb7bf6280a7de9c05c63506a1ccb7ddec05951f8928d5898d2634bed0ad6e1d62b456224075aaf942a0ff0174350145a73506a8f2db52b5843d8d6334711984d5b861a8352e76e4e360445e003b64d699149e90a5647eb952271baf54aa97406ef1a8222b0357ba6f4c8525ab0cef59c51146ee71e43502acde140be350645e0ec941e572ab7083764844f20540406b3ab575f29c5daf00e758c4181ab60133e4be171a5b2c79c63bd5204267384f54aa93624e5376a942aa38c33527a5ca95bc16accd7de064fc15b44675e3406a5de8d9c67080adc0c9a3335754795c2a5a253ad578ac0d5d62b05e1025e360405ae3ea7a4f0a852b782559d2f7d18a98237849d996f0c0a42633ef0b7ae023796f553f78482d4ad601dec0fba823793a3ad570ac6148e4bedbdb0a5ca69c101a93ba6d415acb33d4f14bc73f9dc101490b77d56a68297bef690b22dc236bce759a2c0bd48a7b43e20415aee7bed57696f0c0ada0e0c4ed94f55aaf86916856e022759af149c451ccf446350d0fe98b2e349d50ad65a8ca6a6e78882d685de86a020edcbf394198382359ff552f5748254ad609d61bd52e0eeb25e29582fd2dd1014b01a29bb716e8a56b06af135ab79862860dfb3490a6f762755feb7f07b6c6e0c0ad678d64dd1f33352b48275a8f54a813bdb7aa5a0cde5f8d4dd4b48aabc661c9ca2a34951c1fa83e78682f6228f19820237949b0c41014b539348cd16e1a67ce2e5950ad82c3667b4312878b518ca26c6a0606dc127293992d4ac609d61bd52d02eb55e290a73398545c6a060754dcd91a46405ab3edfd2c0f342c17a8f9d7cd888a2712b671a8202358db599998a2349c90ad6d1d62b056c215dad578ac8c58c310405aa2147a6e4485252b0ba794e28607733d41014911929da6691aa2a2debafa9d822dc89019e110ad67436e47b6350649ee0104350a0d2f154c254ac6079830685ec6fd62b45e83c66198202958e56918215ac467c4b5dcf07056a249b31cf180aa41e4d69caaa34a61175a84d636a5307a841fd25ff4ec5e2dbb94e61063398c134263281894cf03ab802fb3b971a8282349bb59952f2a3a85efa204eb65e29607fb65ee5ac0e1bb03ecd69cedaacc33aac41ed3cbe5b0513f99e318c610c6319cd6729f92451b8aee544d6360605f9bbe5386e29f951947c05ab8c116ce4d9a040bdce5e8650250dd9822dd98a0d599f758afa4a158ce553863382217cc27ca3cfc1b1dc6f080ad2a76c5af20dba9217ac3d78c33341815a481b3e34864aa8cb76eccc8e6ccd7a2579fdb97cc41006d38fcf9c8c2afd01d18f9d8d4141da8d77b25eb0eee338cf0305ea5e4e3484156ac8eeec453bb64cc3d50800fc405fdee12d3e4ccb53c2526e7b06a6e991b552a5f5e4e46c17acfa8c5beae2552924f3d99851c6b04ce5ecccbeecc5f6544be9117ecf4bbcc8ab29b81036edeee75843508066b226d3b35cb04ea58767810275a737635c86baec4d17bab05a1047bb90fe3cc5537ce5c42dd7060c4fcdfaa3541527d333cb05abbffbfb0ad45c36f48fe55fa8c13e1ccd01017e2ab882c13cc9a38c751297a9a75be10ad23bec96dd82b5219f52e639a020fdc7c7e12ea50d277338ab063d8645bcc5bd3cc90ca7f3575a33821ac6a0006dc2a7257cf5925ebd78b2f54a819acd358600403d4e6130ef717ae0f50acad9937b18c73dece4b4fec297dc67080a52693f4457c215acea8c652de75f41ba99730d81753987936918e1c8dee7361ef651314bb4e4336a1a8382f32d2d4af8848712ae60ed63bd52a066716de633d8827b19c9b951d62bd896bbf886ebfd1db5d898125f2c2ce5666d3a96f0d54b58b04e72ee15a8fff243a6c7bf15cff121c7477e5d4e63fecc28ee64434f78e01ae61a820254caa651b22dc2a67c4b2de75e015ac88619beffd5465cc96199baf5e4229ee66f7c94f9f3fe4e7eef0fbf82338fb59958a2d72ed9efc963ad570ad49399ad57ab71079f7044c6eeec5dce210ce5e1cc3f33b5bbf7be57806a7264097f7794c889cebb02754326475d9db3f88cae19bde5643947f2093d6991e1f3fe135ef3875f012add2661890ad6d66cedac2b486f323883a36ec750bad338d3335f9d1319c1d5197eb857777ffc15a06dd9325b05eb68e75c81ba3e7323aecbb5bcc9e64e3d50874bf89caea97dc262713d5fd29b364ab93aaa44af5b928bdccb189de9a576856b185b64ec4a940edc494b27fe5706f307decfe0b8cfe456275fc1f98a9625f9bd5d9215acddac570ad48d99aa5735b99157ac57cbb03def725306370bef61aa93afe0ac4bdb92bc6e490ad651ceb7823499873334dad6f4e33c1f67b51cd53887e1ec9fb151cfe06ea75e012a4deb2841c1aac1a1ceb682742f733233d6c3789fed9cf2156aceb33c90b14bff6ff7660d0ad0e125b92d72090ad6ef68ea6c2b487765649c655cc8a33470c22be11886d33943e3fd927e4eba82b36a491e99538282e5270815a6b7189e897136a417d7ba3558696bf01cb7533733e3bdd72957804ab14998f8a708ebf103f59c6b05e8e84c5c81b52e2fb189935d65c3399c611929e0e3a8e3842b3033599d9909bf66e22b580759af14a4893c9581516e4a5feb558ec9bdc7599918e9349e71ba159c7a7449fc35132f587e825061eac9dce8c7b82bfd68ee54e7a836ddb92f135b856e122a44c95f9e94f016e16a7c5b926bf9a5fc54b02123231f63479e75eb276f1f702063231f6335c6b2b653adc0cc674d2625fa8a09af601d6ebd5290deb15ea952b666087b463ec6853ce8442b38c9df222ae18275a473ac203d64bd522535e5254e8d7c8c162c8528e94b9412dd225c836f4bf57469290ff35893c9118faf2daf5aaf0aecef5c1ef52d39bfa49593acc02c621dc625f87a89f69d43ad570ad28b51d7ab4d79ce7a557097d133ea0b229e738a159c720e48f8f5127488f3ab20c5bc21b20e2fd1c4292e82137832e2e26ac15288926d21096e11aeca38aa3bbf0ace8facc1ec48c7b60afdd9dc292e9ad7d89f59518eac3ae333f61446c560016b3231b1574b7005eb20eb9582f464b4f5aa8cff5aaf8a6a2f5ea27ea47f50bde0f42ac0370649de6e34c182e506a1c214ef06e1df12ffd872f6ecca0b91562c370915a2249b48625b848df8819acead82f33debb030ca911dca633ed239112fd385f9d18daa0113fc9daee0cc6375a626f45a89ad60edef8fa282d42bd27ad59abbad5709d927caac7fe44da756c1a949a7c45e2bb182e506a1c2f46c94a3aac1fd34707213731cd74738aad79d580528b93692d016617dc67ba71d056826ab3227c2715dcf9f9ddc84fd917f4736a21d19e8b42a38b3598d9989bc52422b589dac570ad2cb51d6abbdf893539bb87fb17b64237a9f194eab8253877d137aa5840a961b840ad333118ea91e7778f55509d4e049d68b6a44f3e9efb42a40493592440a56727d512aa438eff5732dad9dda9268ca13d48e6a446f39a90a50e7847e0e1329581d22bd0f8c62d79749d18d69174e77624b665bfe61c1924aac3eede329589d9d4f0529be4f1056e70e1fb95e526727f821f1e21b1ce9838014bb645a4902bf6bcbd8cfd95490e2db203cdb47e394581977b25a34a399c700a7544116ac24ae434da0606dc33acea602f4359f4736a235b8dc692db935b935a2d1f4734215a0e66c1947c172835061ea13dd88aef3e6a2a97004bf8b662c1f389d0a5212cdc4822565a4606dc9b14e6a4afc1ff52c58520925712d64d10b5633da38930a5005af4536a2ebbcbc3d355a704924231993d88373a542da91d5c32f585dfca5ae207dcc0f518d67d788b6a562701ecd237923f2a193a9009527f01bb1e8edc70d428529bef52ba549ed683e70f08193a920157f93b0c805ab167b398b0a525c5760edc3ce4e69ca9cc4a6518cc3152c85fa5bb166d8056b4f56711615a079bc1dd5782e764a53a71a7f89621c439d4a05a901bb865db0dc205498863023a2d1ecccee4e690a1d4acb0846319c794ea58254ec4dc2f2b00f5f2a8eb86e9f7889139a4ad539378251cc63b453a920ed1f72c1da2c8af767caa241118d6563dfe8a4d6c9348960145f3a910a526b360cb760ede3fc2950313d61edcc449ebaa55cd4e7980846e10a9642b577b805aba3b3a7208de5db68c6b20ac739a1297682054b2a99e2b6942216ac9a45bf425f2a8efe51fd01eef307d3ac0d5b053f86514ea302b52735c22c58eda279da96b26660446339cde94cb9f057182d580ad52aec1866c1728350a18a67056bc7486e6619b3832c5852c914b3a958b0a45f99cd47d18ce504a733f55ab159e02398ce24a751812ae665ee452b584dd9c6995390e6f3173a45f1f1f95a1ce1740660ffe047e01a9642b53d8dc32b587b15ff39d2525134e0327a3391e1dccdc96c12f04d0e3a475113e3b75ff023f8ce4954a0aab167d1be77f5627d63370815b6323661134e0626338001f4633033031bc3d14e6320efa16b3137e811b845a87075e4a9d00a5607674d916842273a010bf9947ef46508c38338eebafccec90b422db60bfce14c139c44055cb08aa548056b431f92a3e854633336a32b308ef71657ad39293ede2ed475d202d136f082e50a96c2d59a5645ba8ab04805cb0d42c56c4dbad00598c37bf4a73f03189fc2a33cc4890ac60e811fff44a75001ebc81d162c295d6ad38e76008ca43f03e8c73016a5e4d8ea4470e97476847eb7320b962c58bf554645e1bf693526d1d0395306cde003fad197fe4c2ef19174a2b7d3118cf9d4675ec0c7bf4be05b9ccab629ac5a94b7c645b997c2d6d62b65547dda7121bd98c497dc4b57362dd94d1ef67532025283d6411fbf2b580a5963b628caf72dca16e16ece9732af15ad381e18cf00fad39f21cc4ef4f5fd046158366084054b2a91ddf8d0822585a619077000b080cfe8475ffa323a8157dd30f01591ec5933e8a39fe1042af082756b1805ab6cf165bf9296fe51fbf9260f5fd18f01f4e7431614edd55cbfb26025691e15013ff140dabd2817a417a1606dceaace96b45cebb22e4701b3789f21f4e38d226cb0ec69cc815923f0e39f472d2751c15a8d8d8bb0495f8482e506a154197569473bcea6824f19407f0630a240efa1cad8d5780313fadbd2b9162c056d370b96149fff3df5703a83e8cb10fa3235afefb8394d8d3530b5033ffe794ea1022f5885bf1756110a96576049b959850e7420ffa71eee6e94162c0b9654e2df9a052f581bb1963325e5e57f4f3dfc8e01f4632043aaf40798abc8e1a913f8f1cf750a15b4b58bf044c282172c7fb54b85b3168770083087218b9f7af84325be6a47830b4e0d0b965452bb5bb0a42caa4d5bda02f0dde2cdc37799bf9c7f770dd635300b4ac2dc2254e876a5a7054bcab2b5388cc380e90ca43f0318c8b45ffd1bdb1992052b710b9d4205aef0576115b860ade77b672911abd0918e008ca22ffde8bbe4260f3b184e8066077efcdea441a16b4573be4e73c16aeb1c4989ff5af8e9a98713163ff57067230950e82b58359d4205af2d8fa4b960ede40c4925b21afbb3bf3104ca152ca9d4762c70c12ab7604952a98db760492556e80653d08255872d9d2149aab21f023f7e0b96c2b74d81cfe38216ac36c1dfcb45924ae1fbc08fdf6bb014be5a6c93de82e506a12459b0a43015b6c514b46079ff6849ca45d85b84d5a9e6142a02856d31162c492ab10a46067dfcb59d424521b52b586bd2dcd991a42a1bcbcca08fbf8953a828b4648d74162c6f6f2849b91811f8f1afea142a1285dc892b4fe761499205cb822559b0f0338492949be1811f7f53a750912864932958c1aac6b6ce8c24e56040e0c7bf9a53a848ec50c0270816ac606d497d674692aa6c0a9f063e0257b0148b7a6c96be82b59df3224939e8c7a2c047e035588ac7f6e92b586e104a526e052b74162cc563ebf415ac6d9c1549cac1db162c29350ab75c54464521be4d357ea4aef3224955349eb55818f818be607d2752919849c302fd441668056b23eb9524e5a057f0f5aa1aeb3a8d8a463d3628d0772a50c17283509272f16cf023684e4da751112954a3b1604952c9cce2b5e0c7d0ca699405ab7805cbcf104a52d53dc32c0b9664c15a9e32b6724624a9caee8e600ceb398db26015ab60b5a08933224955349a372318852b588a4b539aa7a7607905962455dd7f83bf87bb054b312a4cabb160495249cca76714e3b060c98265c192a4d4b89f6f2318c5eadec75d16ace2152c3f43284955b3881ba31887bfff65c12a5ac16aca5ace862455c9930c8f621c5b3b958aceba344e47c1daccb990a42aa9e0da4846b2a593a9086d62c192a4103dc2fb918cc46b7015a342349b0214ac4d9c0949aa82395c1cc9480af7605c294d5cc192a400ddc8d84846b265a19eb726a54a4a56b036752624a9d27ee0fa68c6e206a1e25488669377c16acc1ace842455da59fc18cd587c0eade2b40e8d4a5fb036771e24a9d29ee5b18846b3ab13aa48e57f1556de05cb0d4249aaac89748b6834cdd8d82955a4f26f37162c494acc69fc10d16876a7cc299505cb822549a575174f44359edd9d5259b08a57b0bc49832455c6879c15d988f6705215adfcdb4d1915f97c7923a6380b92b45253d88e51518d68357e708b50d1aaa031d3f2fa0e79ae60b97e25492bb788e323ab57b09bf54a112bcbfb231c79162c1f9323492b7701bda31bd31e4eaba296ef55587916acf59d01495a89eedc18e1a8da3bb18a5a6b0b9624a5d9e39c17e51f3e7e865c71cbb7e158b024a988dee478164538ae039c5a59b08a59b05a390392b45cefd08539518eec40275716ac15caeb360d6b30ce1990a4e5789b4ecc8872644df99eea4eb022b71a13f3f8eabc56b0dc2094a4e5798bfd22ad57d0c57aa50cc8afe558b024a9089e665f66463bbafd9d6059b08a59b05a9bbe242d43770e6576b4a3abc3de4eb13220bf9653bd742f2d49315ac8b9dc1af508f7a29ed32c0b56310b965b8492f44bd33996e7221fe3514eb33221bf9693d7a70827d3d8fc256989cf38944f221f6303c651d7a956064ca0591e5f9dc735584dad5792b49487d92efa7a05875baf9411abd1b03405cb2bb024e9670bb888a3a3bd2dc3d24e70b29519f9341d0b9624e56d183b715d2646ba1e6d9d6e65463e5761e551b05a9abc24514177da302423a33d8932a75c99d1228fafcde35384cd4d5e52e68de144decacc68cb38c6295786e4d374ca4bf3b29214bef9dcc0e619aa57b03bad9c7665c8ba797c6df5d2bcac2485ae2fa7f371c6c6fc7ba75d9992cf52521ef7c1f22e5892b26a0a57f06f16656cd46b319a9a4ebe32249f3b61e5bc4558cf7a252993e6730b1b704be6ea159c6ebd52c6ac4a9de40b961b8492b2a80fdb7036933238f25a9ceaf42b63ca5827f982e525ee92b2e67df6a423c3323afae3f37a6c8814a6dcdb8e054b922ae13bbab1036f663881333d099441b9efd7e5fc29420b96a4ac98c5ad5ccdf44c67d0812d3d119441b9b71d0b9624adc0229ee44f7c95f91ccef6549005cb82254985f11ae7f3a131b031fb19822c5855e2a7082569993ee7703a58af00b83c9fc77e48992c5839df68743af5cd5d52a426733d3731cf2000d8948f2d58caa8e934c8f12b73dc226c64bd9214a979dcce154c358825aeb45e29b356a1013f2659b05637734951eac5398c3286a56ccec186a00c6b9663c1caf16d89054b527c06b31bfb5baf7ee52ad7af9469b9361e0b9624015f733c3bf28e41fccab61c6008cab45c9f60503dd99793a4f499c10d5cc71c8358862b293304655aae4b4a5e832529d316d0832b986010cbb4339d0d41162c0b9624554d1fcee36363588e326e3604655eae7b76e5c9be9c24a5c5083ad1d17ab50227b0832128f3bcc85d922a6d2267b3052f18c40ad4e76a439092bec8dd82252954b3b8956b72bcb34d965cca5a8620e5dc78727c54ce0cea99b9a4e054f0041730c62056aa15c3a86d0c12d36894d3d7e5b44558d77a2529400369cbe1d6ab4ab9d17a2501d030c79f859c0a961b849242f30587b333030ca252da73a021488be5761596054b52f42671369bf1b84154522d6e350429cf82553db99792a4e4cda727977923d12ab98c4d0d415a22b765a59c0a5653d39614845e9cc74863a8922db9d010a4a53449ae6035326d49a93784f378db18aafc87c27fa9610c52deada73cb99792a4a47c433776b05ee5e002da18825480d6e30a96a4c8cce49f5ccf6c83c8c146fcc510240b9624fdd2221ee042be37889c94739777bf922c5892f44b2ff3273e31869c9d453b43900ad47abc064b52143ee5707e67bdcac3663edc595aa6c6397d952b5892823789bf711b0b0c220fb57988bac62015acf5e454b01a9bb6a49498c7edfc95690691a7ee6c690852a90b5623d39694028b78884bf9ca20f276285d0d412a68eb29a3a2aa5f528df99499b7a412ebc3050c35860268ce0739deab5acac65bb91a2caaf257e570917b23eb95a412fb842e74b45e1544751eb15e492bac4a0d72faaa1c0a962495ce5774632b7a1b4481fc8d5d0c412a78f3a99ecccb4852214ce46a6e639e4114ccde3eda594a4bc16a60d2924a6016b7722d530da280d6e3c1dc6e8728654ac3640a563d939694b0453cc99f196b1005b50acfb1aa31482b95cb3de2aa27f3329294bb3e9ccf47c65060e53cc8e6c62015a9f99427f33292949b77d9838ed6ab22b88a2e8620a5a960d531694989f89cc3d989b70ca2080ee66243908ad87cdc2294944a13b9819bfcbc60916ccd7dded1502a6af3b160494a9de9dcc08dcc34882269c6337e5c494a5fc1728b5052f1cca7277fe57b8328e21f15cfd0c218a422371f57b024a5482fcee70b6328a21a3cc9cec62015bdf97891bba49418c0aeec6fbd2aaa327af03b639012683edea641520a8ce07076a1af4114d9b59c68085222cdc72d424925f60d5771370b0da2e84ee70243902c5892e23797bf7113b30d22018773ab2148692e585e8325a9303ee328861a4322f6e03e1feb2ce5c86bb02405e43eb6b35e2564679ea5963148394a6805cb1f5249f99ac6693c6c0c09d9899768600c52ce6a2753b0aa9bb4a4bc0ce468461b4342b6e505eb9594976a397c4d79322f23493f59c015b4b35e25661b5ea5b1314879a99eccd7b8822529576339d6bb5d25686bfad0c418a43cb9822529d59e601beb95f54ab26059b02415ca74ba7118530c22315bd187a6c62095a860554fe6652465db7b1ced530613b53d2f58afa402c9e5e22857b024155905dd696bbd4a547b5e635563900ac4152c49a9f30d27f0ba3124ea48eea5a63148252d5839ac60f929424995f5385b59af12761a0f5aafa482728b50528a4ce5580e67b24124ea426ef399835281b9452829355ee614be35864495f14fce3706c98225294ed3398fbb8c216135b89be38c412a8284eee46ec192b422afd095b1c690b0663cc29ec6201585371a955462d3e8c6efac57896bc707d62b29f4822549cbf6025bd0830a834858575e674d63905225872dc285dea841d26fcce074ee3786c4d5e32e8e3406a9a8165ab02495c6080e618431246e331e617363905258b0ca93791949317b9a9dad57892be72c8658afa4042cb060494afe17cf451ccc348348586bdea03bb50c424a40425b840b4c5ad262df7038038c2161659ccabfa86710525c05cb152c493f79996399680c09db80ffd2ce18a404b945282931155c4727eb55c2eaf3573eb25e490973054b5242a6731ccf1a43a2ca39867fb2ba4148162c4971fa9c03fdd460c2f6e426b63206a924dc22949480e7d8de7a95a84d7986d7ad5752c924741f2c3f4528655705d771103f1a4462b6e45e3ee2008390022b586e114aaab4199cc893c69098b65c4867ca0c42b260498ad7480ee2136348b05c753106291572d9bbf346a3922ae5258e668a3124626d7ab09f3148a991d03558734d5aca9c1e74b15e25e4303eb25e49a93227998235cba4a58cbd773b9b6eae5d27620d9ee1319a1884942ab9349f1cb608679bb49421d3398ae78d211187f17f962b298572693e39142c57b0a4ec184517861b4302d6e0ffbc19839452b9341fb708252d577f76b65e25e2308659af240b96a42c7884bd186f0c45e7755792050bf01a2c290b2ab884a372fae48caae62446b87625a59cd760492a88799cc203c650745e772585c14f114a2a80191cc64bc650747e66500a852b5892f2368e4e0c35862273ed4a0a49422b58162c295ec3d88faf8ca1c85cbb92e22f585ee42e6989376967bd2a323f3328852797e6e36d1a242df624fb32d5188acafb5d4921f23e589272761387795b86a25a9be75dbb922c58cb37d3a4a5e85cc779541843111dc647ec670c52660a560e17b94f3369292a159c4b776328223f3328856d6a32056baa494b1199c7f13c6a0c45e46706250b96054bca98591ce24d458bc8b52b29ab05abacea975d54633e65a62d4560329d19600c4552c689fc8b460621056e21355954e5af2acfe585a69bb61481ef696fbd2a9a0e0ce6bfd62b2902d372a85739152c9862da52f0c6d0960f8da128f66610afd2c620a4284ccde9abca937b294969aa57ed19650c45b00baff3323b188494f182553db9979294169fb117df1a43c1edc8a5743106c98265c192b268041df8ce180a6c732ee7503f00244528b70ba32c5852c67cc0de4c308682da940b3936b72b2e24a55e6eadc7822565cafbeccd246328a0965ccc29543308c98265c192b2ea3df661b23114ccba5ccac9b9fd1a9564c1b2604971e8c7bedec5ae60d6e6524ea1a64148162c0b96946503d9cf7a5520abf227cea28e414816acc2162cafe09042f3019df8d1180aa0097fe43c1a18849419b95d589153c11a6fda52503ea483d75e15407dcee0221f7f2365cc0fc915ac1f4c5b0ac8c77470dd396ff538854b6966109205ab52caa8a8fa17d56196794b81f88c3df8de18f2529313b982350d42caa4dacccde1ab725ac19acd7456317129005fd0de7a95971a9cc4e5ac6d1052464dcda95e91eb0d5cc65bb0a4007cc91e3e14270fd5399ecb6961105286e57a595479b22f272939dfd1d17a95870e0ce56eeb9564c1b26049fa9fa97462b431e468031ee35536370829f372bd73428e5b84162c29dd66d1990f8c21278db88873a8651092f2683c395f832529bde67108fd8c2107e51cc30dde8c4152de8dc7152c293a0b3996978c21077b70335b1983a402341eafc1922253c11f78dc18aaac39f7f286f54a52811a8f5b845264fecc5d865045ab7009e750db202495ba60b98225a5d38ddc68085552c6a1dc48738390b44cb92e29e5f4a81c68c854339752e7318e62913154c1f67467676390b45c0d989e64c182e9d437752955de66ef1c1fe9904d6b730dc75166109296eb471ae6f895e5b9bee4d7a62ea5ca700eb45e555a1d2ee4538eb75e495aa1af72fe4a0b961485efd88f29c650499d19ceb5aec24b2a62dbb1604911f8914e8c35864ad996b7e9454b839064c192b422f339d4c7e254ca9adcc1bbec6a10928ade76aa27ff92920aeb545e358495aac5b95cc22a0621a90a72bf06ab7af22f29a990aee55e4358a9cedc4c6b639054456e114a19f5029719c24a6ccc8bf4b25e494ab4ede47c1facbacc3477a9c486b2ab3f892bd490ab389d6a0621290715d4654e8e5f9bf316e12c26d3c4eca512fa9e03ac572bd499db59c71824e56842cef52a8f2d42afc2924a6b0e07b955bf021bf032bdac5792f290cfefd8f2d2bcaca4fc54700a038d6139eaf2573e666f839094977c9692aae7fea5162ca974fec64386b01c0772332d8c4152def2693a162c2940cf71a5212cd37adc4a27639054f28295c716a10fe6904ae3738ecff5e3bf512ba32b1f59af24154c89b608bf3479a904667030d38ce1375af25ff63406490534328fafcd6305eb0b93971257c1490c33865f29a32b1f5baf2415583e4b497914ac294c367b296157f38421fc4a4bfa7007f50d4252418dcf6bb7a03c9f977693504ad6ab5c6108bff0d37557ed0d4252c1e5d772f22a58234d5f4ad0188e62a1312ca505af7007ab1884a422c8afe558b0a440cce1402619c3528ee1633a1883a42229e10a965b845272cee6434358a20e37f3806b57928a28bf65a4eaa57b694995f7183d0c6189cd7884cd8d41528a0b965b8452103fe6a71ac262657465b0f54a52ca0b56597e3784fed1257aa9e8e6b00b438d018055f92f5d8c4152d14da5715e5f5f9edfcb7b1596547c675baf16db830fac57921291ef2e5d79695f5ed2ca3cecd5578b7f595d491fd63608494114aceaa57d79492bf639dd0c0168cc83ec6b0c922c5892f2379fe3986e0c6cc4336c6c0c921294ef4550796e118e7006a422fa0bef1a025d1864bd9294b0e1797e7d9e9f226cc414e7402a9277d833f38fc629e302aec9f79da0245551050df3dc3fc8b360c1b7ace53c48453095ad199bf10c1a701f07782a484adc57b4c8f33be4fdc670b8b32015c56999af571b31c87a25a924f26f377917ac61ce825404f7f148c6133888f7bcf24a5289e4df6e5cc1925268347fcc780267f104f53d11249548feeda67ae90f41d22f2de4587eccf0f8ab7153e60ba6a4cc172cb708a542bb91fe191e7d5d1ef2ca2b4925555180db50e5fd2942f88e359d0ba9603e655b666776f44d7996b69e04924aea6bd6cdfb7b14e0f6326e124a85b388df67b85eadcf00eb95a4922b44b3b16049a9f24ffa6576ecbb30800d3c052459b02c5852618de08acc8efd285e67554f014916ac9f7999bb54188b389539191dfb1f78805a9e029252a110cdc6152c2935b2bb3d7821b7fbbc4149a931a200dfa3009f2284af59c7d990f2f429db6474fdea6a2e71fa25a5c618d62bc07729c89bc6a1ce8694a70acec864bd2ae35fd62b49a9529856539082f5beb321e5a927af6770d4d5b893739d7c491116aceae9391429bb26726106475d830738dcc99764c1b26049c5712e133337e65a3cc2814ebda4480b56412e728709debf46ca591f3a666ecc75e9457ba75e52ea4c64b5827c9f027d32fa436744cad15cceccdc986bf284f54a522a15eabaf202152c3709a55cfd8dcf3258aff675e225a552a11a8d054b2aa9e1dc90b111d7e051ba38f1922c58162ca978ce635ea6c65b8d7bbdb45d52060a56812e722f671af59d15a98a9ee2904c8db79c7b38ce6997945a3368c8a202fdbe2b88457cecac4855349b3f656abc65dc66bd92946a1f16a85e51b8e7abba492855d5f58cce54bdba956e4ebaa4542b5c9bb16049253296eb3335de7f7286932e29e53e485fc11aecac4855723eb33234da3f73be532e29f5de2dd8772ad045ee508da95ee62e55daebec95a1d11ec983857b37274945329dc62c2cd0f72ad8efbc85bce7cc4895fe79393b43a36dcfbdd62b490178b760f58a42fed61be8cc489574179f6466ac9bf324359d7249011854c0ef559ecec3926236832b3333d6757881464eb9240b96054b2ab6eb1897919136e1159a3be1923258b00a76913bc0185a383bd24a7ccb46ccccc4486bf32aed9c7049811845eb027eb7825e79ea1a96b4729766a45e95f380f54a52400a7b2db9054b4ad407dc9f9191fe3363cf599414bac2b69882162c3f4728adcc05057bce55ba1dcf794eb6a4a014b6c514f41aacda4cf3e3d8d20a3c4fe74c8c7367dea096d32d29207369c8dc027ebf82ae60cde14367485aae855c948971aec5e3d62b49811952d07a45a16fafec26a1b47c7767e2f6a275e9c5da4eb6a4c014bac114b8607999bbb43c73b82a03a32ce32eb675b22505e7dd027fbf0217acb79d2169396ee39b0c8cf2328e72aa2505a87fc1df6e5614f61b7ab351695966d29a1fa21fe5813ce9639d2505e84bd62ff0772cf8ef42d7b0a465b92503f56a4beeb75e490ad25b05ff8e162c2901d3b821fa31d6e751ea3bd5928254f8f662c19212f02f26473fc63bd8d8899664c15aace0d760c1b7ace54c494b99442b7e8c7c8c7fe416275a52a0bea179c1bf67112e9878c799927ee19fd1d7abedf9a7d32c29586f15e17b16a160b949282d6d02ff897c848d78d43bb74b0a58319a8b054b2ab2ab9911f5f8caf82feb39cd9202568c15ac225c8355c6f73473b62400bea33573a21ee1f919f884a4a4988d678dc297a162ac6055d0cfd99216bb31f27ab523d738c99282f65611ea15c5b92ba09b84d24f267367d4e36bc2a3d4749a2505ad38adc5822515d12d4c8f7a7c3d7c3496240bd6329515635dac1a1369e48c29f366d29289118feff791afcf49ca82c9acc6a2227cdfa2ac602de44d674ce2f6a8ebd57afccb299614bcd78b52af28d693595f75c6947973b929e2d195730fab38c9928257acc662c1928aa427df453cba4bd8cd299664c15aaea25c830530ca5b0f2ad316b23123a31dddb60cf0d383922230920d8af49dcb8b75c87d9c3565da2311d7abdadc6bbd921485578af69d8b56b0dc24549655705dc4a3fb279b3bc592a250bcb652b42dc2c64ca09a33a78c7a814ed18e6d6f5ea2cc2996148185acc694227defa2ad604de17d674e99d53dda9135e6bfd62b49911854b47a55c482e526a1b26b78c467ff3f59db0996148962feaeb6604905d7bd583bef25b73b273bbd922c58955056bc3f096a3289face9e326732eb3233ca91d5e2033676822545623a4d995fb4ef5ec415ac79bce3ec2983ee88b45ec195d62b491179bd88f5aaa805cb4d4265d1026e8f74645b719ed32b2922c56d29452d582f3b7bca9cc7f93aca7155e76e6a38bd9222f24a51bf7b510bd6f088ef652d2d5bac3768388f364eaea4887cc617e1162c78c11954a60c645094e36ac9e54eaea4a8f42ef2f72f72c17ade1954a6dc12e5a8cab88b7a4eaea4a814bba19415f7863d3599c82acea232e207d6655e84e33a919e4eaea4a84c63b5a27e86b0e82b58f3fc24a132a46794f5aa01d738b59222f35291eb55d10b56f1f738a5b4a8e0bf518eeb6face9e44a8a4cf12f612a2bf6333d9a31aef82d4e4a813e748c70549bf281b76790149985acc1c422bf46d1bbcf78063b93ca841e518eea56eb95a4e80c2c7abd2289c5253709950513792ec2511d4e7ba756527492b8c781054b2a88bb991bdd98ea70bd132b2942493493040ad6078c752e15b90aee8e705497d2c2a995149daff8388e82052f3a9b8adceb457ee44229b4e67c275652847a25f22a89142cefe7aed8c57881fbcdd47662254528995652f4db3400d4623c0d9c51456b02eb44778bd1fd7c6324294ad369c69c045e279115acb96e122a6a0f4657afaa7979bba448f54aa45e91d43d409f744615b1fba31bd1896ce6b44a8a52528d24912d42a8cb04ea3aab8ad208368d6c4475f88ce64eaca408cda219331379a5f2a406f48ab3aa48c5b77e758ef54a52a45e4ca85e91dc6302dd24549c2a7838b21135e64f4eaba44825d746122b58bda2bb0c5802788b31918de82f34715a2545696e829f8f4eac604de3356756118a6d83b025a73ba99222f50a3fc657b0dc24548ce6f0546423ba8a5a4eaba44825d94412fa14214053bea7bab3aba83cc611518d674b8626f9ae4b9212349f35989cd8ab25f8bb74126f39bb8a4c6c1b84ffb45e498ad6eb09d62b92fd6dea26a1e2328197a31acf9eeceda44a8a56b22d24d182f5140b9d5f45f5c33a3faaf15ce1944a8ad6429e8db760fd407f6758117922aad1ecc96e4ea9a468bdc3f8780b16d1dd9251593631b2ab0affea944a8ad84309bf5ec205eb516f37aa683cc3828846b327bb3ba592a2352ff19bea245cb026f3aab3ac48c4f5a10dd7af24c5ec4526c55db0dc24542ca6f27a44a369ebfa95a4a825df3e122f58cf30c37956049e8d6abbfbef4ea8a488cda477fc056b26cf39d38a404c1b846dd9c3099514b1a798197fc172935031981ed5d5845739a192a2568ae6518282f532139d6b05ae1773a2194b5bf6744225456c027db251b0e647767b4665d153118de50aa75352d41e2bc953374af26457370915b6d9bc18cd58b6a183132a296a0f95e4554b52b0de618cf3ad80bdc1ac68c6f267a75352d4c632203b05ab82479d71052c9ef5abe61cea744a8ada835464a760956ab94eb260fdd2f9d4703a2545ad5497259595a8d83194ad9d750569049b463292c67c457d275452c4de63fb12bd7279a986dcd35957a05e886624a759af2445ae746da3642b584df88e5acebc02b457244f21acc568d6743a25456c1e6b25fe90e79f956c056b32bd9c7905683a7d2319c9b1d62b49917baa64f5aa8405cb4d4285e9d5481ef25cc6794ea6a4c895b26994b060bdc4d7cebd8213cb15589da3b9545f9296ed1b5e2be1ab572fdd4b2fe2412e72fe15948a686ed1b017439c4e15cc26d43504a5ce3d2c2ce1ab97ec2277800df99432cf0005e403b63104e937dea38d2128756f88376464095fbfbc9483ff9cfe9e010acaab4620494178bba4f5aac405cb0bdd159a378c40928250ea8651d22d42a8cf386f75a8602ca009d38d41fa0db708953633589319253d82f25207f0a467818231c87a25494178b4c4f5aae4050bfeeb59a060bc6e04921484d25f8254f282f536c33d0f1408afc092a4108c48c187e8ca4b1fc39d9e090ac21c0618822405e0f6d25e609e9682750fb33c1714807ecc3104494abd593c9082a34841c19aca639e0d0a801b84921482879862c1fac9ff793628005ee22e4921b8231547918a8235c8a7a229f5a6f39e214852ea0d4ec96febf274c47187678452ae1ff30d4192522f2d8d222505eb21a6794e28e5054b929476d378c482b5b499a9b8e25f5a3e6fd12049e9772f332d58bff49f14dcb3425a9e850c3604494abdf4dc5b3335056b845b304ab18ff9d1102429e5dee2130bd66fddee99a1d472835092d22f4db77d4a51c17a92099e1bb260499272329ea72c58cb32d79b3528b5fa1b8124a5dcff312f45475396a66bcbd7640c353d4394c27745ab1b82b402efd1c6105462f368c9b8141d4f799ac219e75309954a6e104a52da3d92aa7a95b28205377986c8822549aab25b53763c292b58efd3d77344162c495295bc95bae7c596a72da2ee9e254a9945bc6f0892946ae96b0fa92b584f33daf344a9f239330c4192526c0ccf59b0566621b779a628555cbf92a474ebce420bd6cadde57a815265a81148528a4da7670a8f2a85056b2af778b6c8822549aa94bb9966c1aa9c5b58e4f9a2d4f8d0082429b516f1ef541e572a0bd617bce819a394f88a89862049a9f51c5f5ab02aef66cf18a58497b84b529aa5f5f64e292d587d18e239a354f00a2c494aafc1bc69c1aa9aeb3d6b64c19224add03f527b64a92d584ff285e78d2c5892a4e5fa8c672d5855b5901b3d73547213f9c6102429a5ae4ff15d07cad31bdb3d8cf3dc51890d3302494aa96f7920c54797e28235975b3c7b5462238c409252ea26e659b072731b533d7f64c19224fdc634ee4af5f1a5ba60fdc81d9e412aa94f8d409252e9d6543e20279082053731c7734825e40a9624a5d11cfe93f2234c79c1fa81fb3c8b543233fc0ca124a5d2dd7c6fc1cacf752cf43c52897c4a85214852ea2ce4a6d41f63ea0bd6289ef24c5289b841284969f4684a1ff01c54c1826b5d4590054b92b45805d70570940114acf7e9edd9a492f0338492943e4ff39105ab30ae700d4b25e10a9624a54d05d704719c4114acf779c1334a899b1fc01ebf2465cdb30cb16015ce5f5dc352e2be62be214852ca5c1dc8710652b086f0a2e7941236da082429659ee53d0b56615dee1a961236ca08242965ae0ee6488329584378d9f34a8972054b92d2a517832d588577a567962c58929461570574ac0115ac81ae61c982254999d53ba0f5aba00a165ce1d9250b962465d455411d6d50056b20af7a7e29213398600892941a2ff0ae05ab78bc0e4b4971fd4a92d2e46f811d6f6005ab9ff77497054b9232e7390659b08aeb2216799ec982254919b288cb833be6e00ad6c73ce699260b962465c8437c68c12abecb7d429c12f0b51148522acc0ff22e020116ac2fe8e9d9a6a21b670492940a77f2a5052b195732cbf34d45f69d1148520acce69a208f3bc882f51db779c6a9a82af8c110242905baf36d90c75d46458887dd982f69ec59a7a299c4aa862055da7bb4310415c5545a3339c8232f0f33f029dce459a72272835092d2e0fa40eb55b0050b6e720b4745e425ee92547ae3f977b0c71e6cc19ac13f3cf35434ae604952e9fd8de916ace4ddce28cf3d15892b5892546a63b82be0a30fb860cd0bf2c663b26049922ae352e65ab04ae301def3fc5351b8452849a5f52e0f077dfc4117ac0afee419a8a270054b924aeb4f61de472a8e82056ff1ace7a08a6082114852093dc13b818fa03cf429389f799e872ab84946204925338f4b821f43f005eb4beef04c54812d62aa214852c9fc9b2f821f4359e05b9c406346d2c4b351053499a6862055818fca51214d618308f611ca6398086f39aa42172c4952a95c19c5651ae5314cc52d8cf47c94054b9222f025b747318e280ad63c2ef58c94054b9222f0a7483ebc561ec7743c463fcf4959b02429706ff34c2423298f654ace0fff6a7d59b02429d362ba817834056b108f7866ca82254901bb9fc116acf4398f1f3d375510538c409212379d8b221a4d4405eb7b6fd7200b962405eb8aa89e035b1ed3d4fc8bcf3c3f65c192a4008de0d6a8c61355c19ac71f3d435500338d409212762ef32d58e9f52acf798e2a6fb38c409212f5242f4736a2f2d8a6e85ce6789e2a4fae604952926647747b86680bd6286ef04c559e5cc192a424fd833116acf4bb26c26992054b9262f515374638aa080bd66cfeecd9aabcb8452849c9392bcab7b5e5314ed513d15d2aa764b982254949799567a31c57799cd315db873d95a4f99e3d929490786fb01469c11ac1cd9eb5ca91eb579294941ba3bd457879ac537605a33d6f65c192a4141bcbd5d18e2dda82358b333c7395132f7197a4649c11f16fdcf278a7ed459ef4dc554ee55c92547c0ff37cc4a32ba322dec1adc9701a79064b92943ad3d894ef221e5f79cc93378ecb3d8325494aa10ba3ae5791af604139fdd8c9b35892a45419c42e2cb260856c4bdea38667b22449a9b180edf830f23196c73e891f71ab67b22449297243f4f52a032b5850974f58cfb35992a45418cb6619b8214e79fc13e91db124494a8f333371bfc1f22c4ce58b3cedf92c49520a3c4aef4c8c33035b84006b328cc69ed5922495d42436e3874c8cb43c1b133a8ef33dab25492ab1b33252af32b38205f002fb7a664b925432cfd3393363cd50c15a9b4f7c708e244925328dcdf92633a32dcfcec47ecb459edd922495c8b919aa57995ac182325e626fcf70499212f71a1db35439b255b0a0251f53dfb35c92a444cd644b46656ac4e5d99ae0315ce2592e4952c2fe94b17a95b9152c28e70d76f34c972429316fd23e6b75237b050b5af111f53cdb25494ac42cb66264e6465d9ebd891ec5159eed922425e4d20cd6ab4cae604135de6167cf7849928aae1fbbb1c8829515adf880553ceb25492aaa996cc317991c797936277c141778d64b925464e764b45e6576050bcae84527cf7c49928ae6390ec8ecd8335bb0a0191fd3ccb35f92a4a298c8167c9fd9d1976777e2c7d3cdb35f92a422392dc3f52ad3050b9ee17ecf7f49928ae06e9ec8f4f833bc4508d0900f69e14f81244905359aadf931d3099467fb0498c67199bc3b872449c5b38893325eaf325fb0e01dbafb93204952015dcf5b99cf20e35b8400b518cc16fe3448925410c3d88e39994fa1dc13612e2730cf1824492ac89faa4759af2c583f19caa58620495201fc998f0d01b70897c4f01c9d8d4192a4bcbc48278b85056b69abf1216b1a83244939fb96ad99680c805b844b4ce0186fd8204952ce167182f5ca82f55b6f708321489294a3ab79cd1096708b7029d5799b9d8d4192a42a7b9776cc37060bd6b2b5e27d1a1a8324495532956d18630c4b718bf0174671aa2148925445a759af2c582bf6383d0d4192a42ab883470ce157dc22fc8d7abcc7c6c6204952a50c677b6619c3afb882f51b33399cd9c620495225cce168eb9505ab723ee67c439024a912cee443435806b70897e35e8e3704499256e8418e35040b5655d463109b19832449cbf5313bb93d68c1aaaa0d194c03639024699966b03d9f1ac372780dd6727d4e5743902469992a38c97a65c1cacda3fcdb1024495a869b78c21056c02dc215aac19bec620c9224fdc24076679e3158b072d79cf759d51824495a623c6df8c61856c82dc295f89a2359680c92242db688e3ac5716acfcbdc635862049d26257f08a21ac945b84956aa12fb2b7314892c46bece3ce8e05ab509af22ead8c4192947163d89e89c650096e1156ca240e66a6314892326d06fb5baf2c5885f52127b8d82749cab00a4ee16363b06015da93dc600892a4ccba86c70ca1d2bc06ab4a6db417fb19832429835e613f2f6eb760154b63de657d63902465cce7ecc85463a802b708ab640a5df8d118244999329d83ad5716ace2fad48bdd25499952c1c90c33060b56b13dc3df0d4192941957f284215499d760e5d44a9fa18b31489232e0590e66913158b092d190816c6c0c92a4c80d6727a61b83052b39eb3188d58c419214b149ecc44863c889d760e568340733d7182449d19ac7a1d62b0b56f2fad2cd10244991aae0f7bc690c16ac52b8976b0d419214a5abb9df10f2e0355879c6f710471a832429324f70849f1db46095521dde6407639024456408bb31cb182c58a5b52683686e0c92a4487ccb8e7c6b0c79f21aacbc8de30066188324290a33e864bdb260a5c3508e60a131489282b78863f8d0182c5869f102171b82242978e7f19c211484d76015cc1d7435044952c0fec3998660c14a9b6a3cce41c620490a546f0ef482170b561ad5a10fbb1883242940efd29e99c660c14aa755e9cb46c620490acc48da32de182c58e9d58afeac6e0c92a4804c60171feb5c607e8ab0c046d1d9bb62499202328b2ed62b0b56fabdc7112c3006495210e67308838cc182158217f883214892025041375e32060b5628eee64a439024a5dee5f43484a2f022f7a2f90fa71b822429c5eee25443b06085a63acfb29f31489252aa370779cdb0052b44757889dd8c4192944203e8e88d452d58a16ac01b6c6b0c92a494f9903d99620c16ac70adc6db6c6c0c92a414f9825df9c1182c58615b87beb4300649524a7c433bc61a4391799b86044ee48ebe4f9024a5c404f6b65e59b0e2f005fb30d518244925f723fb32c2182c58b1f8904ecc3206495249cda60b438cc1821593fe1ce9dd46244925349fc378db182c58b1e9c5892c320649524954d095e78dc18215a30739c710244925a95767728f3158b062752be7198224297117739b2158b06276137f36044952a22ee33a43b060c5ee06fe660892a4c45cc1d5869038efe45e125773892148921270237f32040b56765ccb858620492ab29b39d7102c58d9f24fdf5348928aea56ce32040b56f6a2ff37a71b8324a948eee654ff90b7606533fcdbe9660c92a422b88753bcbdb5052babcab987e38c419254608f71340b8dc182955dd57880238d419254408f70acf5aac4bc0f56892de458ee3506495201ebd571d62b0b961672920f30902415c8dd1cc30263b060e9a74770fedb18244979bb93ae5eda6ec1d2ff2ad65974370649525efe8f6ed62b0b967e59b1cee11a639024e5ec464ef3936b162cfdd6a55c650892a49c5ceff34152c5db34a4cc855c6b0892a42aba8e8b0c21555cc1f247449214b8cbfdb323755cc14aa1f3b9c11024499574a9d7f05ab054397fe466171725492bb5883f7a2f450b962aef68eea186314892566021bfe71e63b060a92a3af318758c4192b41c73398aa78dc182a5aada9de768600c92a46598c141f431060b9672d1861759cd182449bf3299fd18640c162ce56a635ea1b931489296f21dfbf0893158b0948f7579950d8d4192b4d867eccd57c69072de0b20f5be6257861a83240980f7d9cd7a65c152218c674ffa1a832489b769cf7863b060a930a6b10f2f188324655c2f7ec73463b060a97066b13f7718832465584f0e66b63158b054580bf90317f9990449caa40aaee46416184430fc1461604ea4878fd091a48c59c019f430060b968aa9234fb28a31485266cce470afc3b560a9f8b6a337ab1b832465c2f77466883158b09484f578918d8c4192a2f725fbf2853104c88bdc83349a5de8670c9214b941ec6cbdb260294993d99b5ec62049117b96f64c30060b9692358b83bc33962445eb3f1cc22c63b06029790bf903e7b0c8202429badfef1771260b0d22605ee41ebc7d798406c62049d198c1313c670c162c95da96f4625d6390a4287ccbfebc6f0cc1738b30021fb113838d419222f02edb59af2c584a8b71ecc6c3c62049817b823df9de182c584a8f391cc395c6204901bb8523fcdc6034bc062b2a47d293dac62049c1994b57ee33060b96d26a179ea699314852502671086f1983054b69b63ebdd8d818242918c3e9c22863888cd7604567243bf0b4314852209e6717eb95054b2198ce215ce41dde2529f52ab88efd99661011728b305a9d798086c62049a935831378ca182c580acd463ce3d55892945223399061c6102db70823f6193bfa342b494aa597d8c17a65c152a87ee460ae7391529252a582ebe8cc1483889a5b841970047753cf182429156672128f1b83054b31d8926758cf1824a9e4bee62086184306b84598091fb103af1a832495d84b6c63bdb260292613d9c77b6349520955701d9d98641019e11661a6b4e721563706492ac1dbdc6379d9182c588ad53a3cc6cec62049891acce18c31864c718b3063be6137ae3306494a500fda59af32c715ac4c3a907b7c8c8e2425603abfe73163b060292b36e409b63006492aaa111cca7063c824b70833ea7376e46e6390a4227a80edad57162c65cd6c7ecf1f986310925494dfb1a7721c330d22b3dc22ccb84d79c4ad42492ab0111cc587c69069ae6065dc7076e4166390a402ba9fedad5799e70a968083b98bc6c62049799bc61f78c41864c1d24fd6e521da1a8324e5e55d8e62943108b708b5d857ecc1952c340849ca5105b7d0ce7aa5c55cc1d252f6e401d6320649aab21f389e578c414bb882a5a5bcc156f4360649aaa257d8ca7a250b96966f22fb731e730d42922a690e67f33b7e3008fd825b845a86cd7880ad8d4192566a18c7f28131e8375cc1d2327f61ece025ef92b41215dc421beb9596c9152c2dd72edc476b6390a4651acb09bc650c5a0e57b0b45cfdd9961ec62049cbf0385b5bafb402ae6069250ee60e563506495a62025d79c61864c1527e9a7127fb1b832401f03227f39d316825dc22d44a8de7004e60864148cabc599cc3bed62b55822b58aaa4f5b9975d8c415286f5e304be3406558a2b58aaa491b4a39beb5892326a3617b1bbf54a95e60a96aa643deea2bd3148ca987e9ccce7c6a02a70054b55329a0e7463ba4148ca8c595cc46ed62b55912b58ca410beea4a33148ca8057e8ca58635095b982a51c8c656f0e67b241488ada34baf13beb9572e20a9672b626b771a031488ad40b74e31b63508e5cc152cec671108733c9202445672adde864bd521e5cc1529ed6e4160e350649117994b3f9c11864c152a9edc77f68690c9222309a3378d1189437b70855002fb0295732cf2024056d01b7b0a5f54a05e10a960a664bfe8f9d8d4152a086d08d21c6a00271054b05f3116d39c19b37480ad054ce6107eb950ac8152c15d81a5ccf71c6202920bd39cd4f0cca82a5f4f3a27749a118c519bc640c2a38b70855042fb019d733df2024a5da3cfec1e6d62b15852b582a9a0db9997d8d41524abdce590c330615892b582a9acfd98ffd196d109252e71b4e602feb958ac8152c15591d2ee4426a1b84a49498cdf55ccb1c8390054ba15b876bfc64a1a454e8cd59aeaccb82a578b4e7163633064925f439e7789f7625c46bb09490d7d98673f8d1202495c44caef431384a902b584ad45a5ccfd1941984a40455703f17f2bd41c882a5986dcf0dec660c92123290f3e96f0c4a985b844adc6076677fbe34084945f70587b38bf54a25e00a964aa40627f17756330849453285ebb899b906210b96b2a60917700eb50c425281cda7279731c12064c152566dc0d51cea65ef920aa837e732d21864c152d6edc48dec620c920ae03dcee76d6350c97991bb526020bb721c630d42525e46730c3b58af940aae6029356a701257b0a64148cac1446ea0bb4f1894054b5a967a9cc9453432084955309ddbb8c62745c88225ad48132ee02cea1884a44a98c55dfcddcf0bca822555c66a9cef0d1c24adc47c7a7225df19842c5852e5b5e0124ea19a41485a86453cc925de8c41162c29179bf1570e330649bfd2870b186a0c4a316fd3a0541bc6e1ecc2cb0621698917d8898ed62ba59c2b580ac2d65ce2fdde25d187cb18640cb2604985b315975ab2a44c97ab4b79d71864c1922c59920a55ae2e61b031c8822515cf965c66c9922c5792054b2ab42df88b254b8a5e05cf7325ef19842c585272b6e6220ef53e5952a416f218d7f29141c88225256f3dcee1541fab2345662e8ff1773e370859b0a4d269c6e99c45638390a2f023f7709d8fbf91054b4a83fa9cc29f58c720a4a0fdc0ff7133530d42162c293d6a722417b3b1414841fa925bb9833906210b96943ee574e212763208292843b99907596810b2604969d69e73e8e48336a5002ca21737f3a64128c282b5c0cfb92b46ade84a371a1984945a3378889bf8d42014a38565ccf233ee8ad52a9ccc39b4340829754673073d9862108ad5ac32a6d2d01c14af723a71161d0c424a8d21dcc2432c3008c56c4a193fd0cc1c14bb6df803c753db20a4929ac7b3fc8b8106a1f87d5fc617ac6f0eca8235399daebe9f904a643c3db88d7106a16cf8ac8c017ea65dd9519303e8ca5e3e265a4ad4107a703fb30d42d9d1af9c49a6a0ec98c7e3746413ae63b2614809f8911e6cc576f4b05e295b269533d11494359f71116b7338fd8c422aa22174632dbaf19151289305eb6b535016cde171dab11d3d986918923f5f52617d55ce185390efb03f360aa9405c219680d165ec451f7350d695d18e933994fa4621e56c3a8fd393be0621c1ee65b464b439480075e8ec670ca59c0ca1070f31c320a49f342fa38ca9343009e967eb72147ff0013b52257dc7fddcc5488390fe670a4dca80beb4350b6969e5b4e7780ea1ae5148cb359757b98fa77de88df46b6fb14739f8095ae9d716d187e3599b6e5ea82b2dd3702e621dbaf0b8f54afaad8fa13a30c424a465994a0f7ab005c770242d8c4302600c0ff3109f1884b47cef4319b03123cc425ab1361ccf11ac6e10cab0c93ccf7dbc468551482bb6215f940165fcc06aa621ad4c35f6e4780e6415a350c6cca637f7f312f38d425ab9f1ac0ee54005034c435ab985f4e1789ab13f8f33cf389499b3fe049a7138bdac5752e5f4839f0a16de6a54aabc39f4e270d6e40fbcc522e350c4d5ea4dbad28c8edce7fdada4aa7815587c47c50df8dc3ca4aa6b4a270e636f6a1a85a2aa5603799cc7186714522e5a338a25b7acfe82f54d44ca4d63ba70181da965140adc5cdea1370f33de28a45c7dca26f0f31621f43611295753b88f2e34617fee772b45819a436f4e60753ad2dd7a25e5e3f99ffedfcf2b583bd3df4ca4fcd5a103877180cf9f523066f13a8ff334d38d422a84ed796fe98255c668efa428154a6ddad3994eac6b144ab1b13c4f6fde608e514885328af57fba555cf5c5ffa0822738df5ca4c298c30bbc00b4a20b9dd963c90f9a94068b184a6f7af1beb70c950aedb19f7facca96fca34d186e2e523134a53d5de84223a35089cde40d7ad1cbcf074ac5b2e9cf4fc7295bea1ff6676793918aa51a3bd3992e6c6a142a8151f4a1372f7b8b5ca998de61b79fffe3d205eb24fe6b3652b16dc83e74640f1fb8a344fcc81bbcca2b7c611452f19dc07dcb2a5875f98aa6a62325a11a5bd3810eec4e0dc350112ce403fad087b75db3929232917599bdac8205577199f94849aacf4e74a0036d8c4205328a3ef4a10f538c424ad6955cf1bffff2cb82d58cb1d436212979ade8c8deec4963a3508e26f33aaff22aa38d422a8539b4e487e5152ce8c1a9662495b26875a01d7bb28e51a892c6f32e7de9c3501f3e2e95d2ed9cbef47ffd75c15a97cf7da09a9486a2d58eb6ec4d4ba3d0728ca32ffde8ebddaca43498cb067cbda28205b7719a394969b1166de9403b6feea05f14ab3ef463985148e9710b67fff21ffcb660adcd17d43129295dd66157766447b6718939b36f8fdf671003e9cbb78621a5cd2cd6fff5fd7bcb96f1aff9594229b5aab3116d69471b3659e68faf62338e21f4a51feff9c44029bdfecadf7efd8f96f51bba2e237c46ad94766bb03d6d68435b3f7918a1997cc010faf2f6d21f4a92944edfb031332b53b0e0b8ffdd895452ba55633376601bb6662bea1947d066f0114319ca6086b1d038a4501cc523bffd87cb2e5865bc4207139342b3166d68431bb66775c308c654863184210ce1536b95149e37d86b591fe55dde451cebf1b16f86a5b0abd6a66ce6b55aa9358e210c6118c319ee6d16a470cd624bbe5cd6ffb0fcdfbc1772adb949e16bc8fa6cc6a66cc6a6ac67d92aa9290c6718c319c6478c370e29067fe2c665ff0fcbff6d5bceebec6e72524c1ab0c192b2d592720349b4547dc804e390e2d2973d96b7b3bfa2b7b3ebf1010d4c4f8ab56c6dc2a6accffab4667d1a1a48c14ce54b46f2252319c608a61b8814ab696ccd98e5fd8f2bde2ff0d384524634a6d5527fb99558355318f58bbf2465c2323f3d58b982e5c39fa54c6ac8fab4a605cd69c13aac433323f985f17ccd378ce56bbe62245f32cd48a4ecb98d3356f43fafac60d5e26d76304529db6ab1366bb126ad16ffbd358d3234fa397cc728c62df9fbe76efb491ac81ecccda7604173def3edaba45faa4363d664ad5ffd7df5c02f9c9fc314be63dcaffe3ecedb2848faa5efd96e658f05adcc8516dbf1a6f7c492b472b5598d356846131a2df9abf192ff9f0e5398cad4c57ffff9afc98c671c1356fc7654927e329bf60c5cd9bf54b92b59bbf034d54c54523e7eae5cb568402dea529f1a34a23a0da84d9dc5ffad0c16ff1d6015aa2ffe4f75a9b5f83fcd65d6e2ffb460c9565d055317ff7d3e3398c55c7e64015399c7ccc5ff6dee923225497959c4a13cbdf27fadb21f153a9b9bcd54922465dc19dc56997fadb2eb5283a8604f539524491976093755ee5facfcc6df5bd4a69dc94a92a48cba89bf54f65fadca9555af51eec373244952265dc79f2bff2f57edd2f5379943071396244999ab571755e55fafea6703fb3195bd7d8a862449ca8c85fc917f54ed4b72a94a07f100754d5b922465c04c8ee1d9aa7e516e6b513bf1ac7777972449d1fb9efd195cf52fcbedb9160369b3f27b984a922405ed3d76caa55e91f3fdd97fe4011ab0a3c94b92a448f5e05026e7f6a5b93f0067212f318abd963cbf42922429165339896b5998eb97e7fb79c016dccfaece8224498ac8408e61543edf20df47384fe37e66d1961ace8524498ac02c2ea66bae5b833f2bcc1dad5af17f747446244952e0dea22b9fe7ff6dca0b7230a3d88763f9c659912449c1fa9aa3d8a310f52aff2dc2fff9981e2c6407370b254952706671354733b450dfae5a010f6d3e6f70278bd88eeace9324490ac43ceee6107a33bf70dfb2184f155c974b3881dace9724494ab9d9dcc33ff8bad0dfb6588f6d5e8d333883559d374992945213b99b5bf8ae18dfbaac88875d97c33895b6ce9f24494a9977b88bc7995dac6f5f56f4016cc2891c4e4b67529224a5c0681ee55e3e2dee8b942532943276e0703ab3a1b32a49924ae4337af318ef26537d92d48adfd191b6ace61c4b92a4848ca71faff212a3937bc9b2920c742376613bb6600b1a39eb9224a908a6f0311f33847e85b975680805eb7f9ad38a96ac470b9a2efeab1a35a8ef592149922a6906f359c064263189498c6534a31955da27ccfc3f2cf1fdd77dce37690000002574455874646174653a63726561746500323032342d30362d31355430323a35333a34322b30303a3030d9f7556d0000002574455874646174653a6d6f6469667900323032342d30362d31355430323a35333a34322b30303a3030a8aaedd10000000049454e44ae426082, b'1', 'image/png');
INSERT INTO `user` (`id`, `address`, `date_of_birth`, `name`, `password`, `role`, `username`, `email`, `phone_number`, `avatar`, `gender`, `avatar_type`) VALUES
(16, 'Hà Nội - Việt Nam', '2003-08-19', 'Admin', '$2a$10$VbNkeu73Y1mnjSBkUYjVcevgy88Chqon3hMVVlQERxnm80Dvcuyyy', 'ADMIN', 'Admin', 'tienanh@gmail.com', '0123456789', 0x89504e470d0a1a0a0000000d49484452000004b0000004b0080400000041287b440000000467414d410000b18f0bfc6105000000206348524d00007a26000080840000fa00000080e8000075300000ea6000003a98000017709cba513c00000002624b474400ff878fccbf0000000774494d4507e8060f02352a9bee09b700006fbf4944415478daeddd779c15d5c1c6f1df2ebd4855ac0882bd2b76b0216814b0f75e22c4126b628fd1188d1a8da289bea2067bef60c74e15111b60418a0da523bdeefb87485029bbb7cc9d73e6f7f5f3fa26c6dd3be739b3cb73cf993b53462995d192f568494b5ad074f15f65d4a41e92244995339379543069f15f6319c3184631a6b415a714afb9093bb31d5bb2390d3c2b24495211fcc8c77ccc6006f029157117ac0dd8978eec4213675d9224256412fd79859718195bc12a63170ea333ad9d634992542223e9cd630c4c623dabf8056b0b4ee2509a3bab92242905bee2717a322cdc82558f2338959d9c494992943203b8934799155ac16ac6e99c4953e74f9224a5d434eee57abe0da560adc7a51c4b2de74d9224a5dc5ceee36ac6a6bd6035e74f74b35c4992a460cca72757f14d5a0bd62a5cccb9d4769e24495260667323d732b350dfae5ac18ada893cc3be547786244952706ab01b2730818f0b558c0aa1353d68efdc4892a4c0bd43573ecdffdbe4bf82559d8b78940d9c11499214bc169cc282fc6f469aef0a564beea79db321499222328863f37bb04e795e2f7f321f5baf24495264766408c7e5f30d725fc1aacdbf39c51990244991ba9f6ecc4eb66035e709763079499214b1f7398431c915acb63cc3aaa62e499222379e031858f52fcbe51aac4378d57a25499232a0196f7264d5bfaceab769389f3ba961de92242913aa7330d31854dc827521d717e501d1922449e954c6efa8439f6215ac32fec9e5a62c499232a71d75ab52b1aa52b0aee502f395244999d49646bc5cf8827525979aad2449caac9d58c8db852d58e773b5b94a92a44c6bcf94ca5dee5eb90bd60fe3913c1faa2329e3ca684c231ad388dad4a51e356948751a526bc97fab4103a03675967c45a3255f5d7fc98797e73363c93f9dbae469acb399034c6301d398c74c663177a9ff3693394c652a5396fa0a49cac9220ee3a9c214ac1d7883ba262a6965ead28c356846131afde6af862939c6694cfdcd5f9398c038c6e7fa440c49d9329bbd18907fc16ac9606f2b2ae9971ab206cd16d7a9fffdbd7ee0a39ac138c63381eff961a9bf4f73ba25fdd278b6e3ebfc0a566dde613b9394b2ad166bb3166bd28a56acc59aac9f9af5a824cce13bc6f11da318c538be63a4954bd250daae78d17b6505eb6e4e3645296b9ab03ead6941739ab32eebd0d4487e6112dff0155ff10d6319c9974c3612297beee7f8dc0bd6c9dc6d82521634a6d592bf36634d03a992298c5aeaafd15e482f65c3f1dc9f5bc16ac507ac627e529c1ab1299bb23ead599ff583bf7a2a4da6f3252319c9970c6738530d448ad50cb6e58baa17aceabcc34ea627c555aa5ab3199bb2199bb29e8f154dc41486338ce10ce3637e300e292efdd99d05552d5897786b51c952a5e294ad4ff8de38a4185cc475552b581bf221b5cd4d0ad55ab4a10d9bb2199b58aa52691cc318ce108630dc6bb6a470cd664b4656be6095d187f6a62685a51a2dd88c36b461079a194730a6f1094318c2103e65a17148a17993f6cb7a97b4ec8275223d4d4c0a4375366307b6611bb6f4910b819bc9470c652883f9c4aa2585e3581eac5cc1aacfe77e4a5b4abb35d98e36b4a1dd524fec533c55eb03863084b719631852da7dcb46ccac4cc1fa07179996944e35d892768bafaf52168c630843e84b3f9f9428a5d7555cbef282d59ccfbdbc5d4a9b96b4634776622b6a184626cd67288318445fc61a869436b3599fef5656b0eea0ab494969d18a76b4a523eb1985161b475ffad197f7fdf4a1941effe1cc1517ac167c4e4d73924a5fac3ad08edd59d728b41c3f3098bef461288b0c432ab5796ccce81515acbb38c594a452a9c6c6b4a5037bb2aa61a8927ee45dfad08f41cc370ca974eee00fcb2f58ab33c6ebafa452d8908e74640f1a1a8572349537789557977dcf4349c53697964b3fa2e19705eb1a2e362129494d694f07f6a6a551a840c6d197de3ccf24a39092f58bcf122e5db0eaf1154dcc474a4275b6a2031dd883ea86a12258c450fad08777986b18523226b12eb39655b04ee12ed3918a6d33f6a623bb7bd7752562266ff12aaf30dc28a4e23b917b9755b006b2a3d948c5529d9de8cc816c64142a8131bc426f5e713d4b2aa6beecfadb82b5051f998c540cabb21f9dd9870646a1129bc5ebf4a2f7afef8828a95036fb79b9f87f05eb46ce3317a9d03f699de9c2ce941b85526538bde84d3f6f552a15daf55cf8cb8255c618ef6828154a1df6a2339d58c7289462dfd09bdebcc61ca3900ae52b5afef4cee5e782d58e774c452a44b5eac0611ce076a082319bd7789ca7996e145221ecc42060c9cec5a12622e5a71187711fe3798ee3ac570aea4d4167ee653cbd389e46c621e5ebf09ffedfcf2b5823696d26526e9ad099c3d8dbc7782a780b19c8e33cbaf4eda82555cd676cfcbf82b5219f99885475abb21f87b10f358c42d1d5acc7fdaca1949bf5f9f2e72dc27d4d43aa6ab53a9d77f8817be96cbd5264aad1969bf99ab7398da6c62155d53ef0f30a562f3a9b87543975e8ccf1ae5a292316f206f77b09bc5415cf70d04f05ab8c893e8350aaccfbfa3d399e83a86f14ca9839f4e13e9e659e51482b3791665494019b32cc34a4152967170ee3489a1985326c0abdb98fd7bc3da9b4321bf3597560179390966f2b8ee1489a1b8432af31c7711c5ff1300ff96c356945daf25939d0c624a46569445786f0017fb65e494baccb857cc8302e6435c390966ddb9faec1eacfce66212dad9cf61ccfa1d4310a69b9e6f10af7f1340b8c42faa577d8ad8c32a67adb69e97f36e4684ea485414895328ec7b98b8f0d42fa9fa93429a325a34d420268c0811cc75e4b1e7020a9b286d08387bd9983f4b3e665ec451f7350d695b13b277128758d42cad94c9ee0bfbce3a70c25d8bd9c96a6a06c6b48573ee20d8eb75e4979a9c709bcc5675ce8fddfa5f52c58cab436dcc177dcc1e6462115c8065ccbb73c4607a350c60b969f3f5726d5e678dee73dbaba6e25155c2d0ee3558671b6cf3d5056ad5bee8d4c943d1b712ddf722fdb188554449b7233df72075b1985b267d53206b2a339282b6a72005dfd9ca094b021f4e07e661b84b2a37f1923696d0eca82b5389dae2ed94a2532811efc877106a16cf8bc8c1f7c7eade2b72ddd389eda062195d47c9ee126061884e2f77d195369680e8a57399d38cbcf33492932845b78c807ec286e53ca98e5e3d614ab069cc4b93ef4464aa171f4e016261b846235ab8c05543307c5677dfec829d4330829b566f010dd196e108ad1c2329f69a0f874e45c7ee72705a5002ce2456ef6896d8a90054b5129a71397b183414841f9907f7955962c58523ad5e2082e6123839082349aeef4f05e59b2604969b20a2773016b198414b4f1dc4e77a618842c5852e9adce699c4d238390a2309d9e5ccfb706210b96543aad389b53bdd3881499793cca357c6a10b26049c96bc3c51c44b94148515ac4935ccbfb06210b96949cadb89443bd118314bd3e5cc2606390054b2abeadb9c4722565aa645dcabbc6200b96543c3b71299d2c5752064bd6650c320659b0a4c2db994be86c0c52864bd65f18680cb2604985b30b175bae24d18fbff08631c88225e56f57feca5ec62069b157b892fec6200b9694bbcdb99cc38c41d2aff4e1426fe1200b96948b8db89463bccf95a465aae0092ee3738390054baabc75f80b2753dd2024adc0021ee672c618842c58d2ca35e5cf9ce5e36f2455ca3ceee1727e300859b0a4e5abc7995c4c438390540533f80fd7f0a341c88225fd564d4ee44ad63008493998c80d74678e41c88225fd4f39c77115cd0d42521ec6f2171e649141c8822501b4e706b631064905f03ee7f3a631a8e4fc0cbc4a6c431ee335eb95a402d996377895cd0c4225e60a964aa80917702e350d425281cda7277f61bc41c882a5aca9c9695c41238390542453b9d6cbde65c152b64ebb43b996560621a9c8bee632eef70f3a59b094053b72236d8d41524206733eef188312e645ee4a54731e65a0f54a5282b6e72d1e626d8350a25cc152626a703a57b18a41482a8159fc937f30d72064c1525c3a700b9b1883a4121ac9393c6f0cb2602916adb999cec62029057a7336a38c4145e735582ab2ba5cc127d62b4929d1991174a7be41a8c85cc1525175e1565a1883a494f9964bb8cf1864c1528836a23bfb1883a4947a83b3f8c41854246e11aa28ea73239f58af24a5d89ebccff5d4330815852b582a82cefcdb8d414941f896b379d2185470ae60a9c0d6e23e7a59af2405626d9ea017cd0d42162ca5f974eaca088e33084941e9cc082ea49a41a880dc2254c16ccd1dec600c920235946e0c360615882b582a88ba5ccb7bd62b4901db86fe74f7715e2a1057b054005df837eb1a83a4087cc7d93c610cb260a9d4d6e13fec6f0c9222f23467f29d31282f6e112a2f87f1a1f54a52640e62385d293308e5c1152ce5ac0577d2d1182445ea65baf295312847ae6029c766de958fad579222b60f23b8d03f2695f39f93ae60a9cad6e32eda1b83a40ce8cb297c6e0caa32abb9aadcc9bbf291f54a5246b4e3036f42aa9cfeb474054b55d09abbd8c31824654c7f4ee153635015b882a52a9c2c5df9d07a2529837661a8eb58aa1257b054491b721f3b1a83a40c1bc8f17c610caa1457b054a91ede9521d62b4919b7131f72b6f7c75225ffe474054b2bb13a77d1d9182409805738996f8d412be10a9656e2508659af246989bdf984638c41162ce5ae2177f0384d0d429296d28807788c2606a115708b50cbb5173d696e0c92b44c5f71226f188396c3152c2d536daee515eb95242dd7babcc61dd435082d932b585a862db99f2d8d4192566a38c7f1be31e8375cc1d26f4e890b79cf7a254995b2290338df5b37e8375cc1d22f34e31ef6350649aa92d7388e71c6a0a5b882a5a574e003eb952455d95efef694054bcb569d2b7899350d429272d08ce7e94e4d83d0626e110a80963cc4cec6204979798fa318690cc2152c01701843ad579294b7ed78dfbbbccb8225803a74e7311a19842415c02a3cc07dd43788cc738b30e3b6e561363406492aa8cf388aa1c69069ae6065da99f4b75e4952c16dc4004e33864c73052bb3ea7327471a832415cd437463863158b094251bf3389b1b832415d5671cca27c690496e1166d231bc67bd92a4a2db88011c650c162c65412dbaf300f50c429212509f87b8c31b9066905b8419d39cc7d8c91824295143388cd1c69029ae60654a273eb05e4952e2da30d867155ab014a76a5cc173343108492a81a63ccfb5543388cc708b30239af1287b18832495541f8e66823158b0148bad798616c6204925f70d0733d81832c02dc20c388a7ed62b494a8575789b138cc182a5d055e35a1ea2ae4148524ad4e61eeea0ba4144ce2dc2a835e1113a1a8324a5ce5b1ce6d558162c85694b9ea6953148522a7dc9417c6c0cd1728b305a87d1df7a2549a9d59afe1c6a0c162c85a48c0b79d4c7e14852aad5e731aef50fe268ff24768b303aab703f0718832405e1458e66aa3158b094761bd09b0d8d419282f1295d18690c91716532326de967bd92a4a06ccc209fb561c1529a9dccebac660c92149826bccc89c660c1521a9571057753d32024294035e94977ff508eea4f65afc18a423d1ee0406390a4a03dc571cc32060b96d2622d9ea38d314852f03ea40b5f1b43045c8d8cc0560cb45e4992bfd165c152e11c4c7f9a1b832445622ddef2920f0b964aed6c1ea7ae31485244eaf114571843e0bc062b60d5b983938d4192a2d4833358600c162c25ff0ee7513a19832445eb150e65ba3158b094a4d579decb2025297283e9cc7863b0602929ad79910d8c4192a2378a7df9dc1802e445ee01da8101d62b49ca8456f4671763b060a9f8f6e70d9f37284999d19457e86c0c162c15d7c93ce96d19242953eaf10c7f30060b968ae5a7c73957370849ca986adcceb5941944507f667b917b20aa731ba71a832465d6bd9cca7c63b060a990eaf104bf330649cab417388c59c660c152a134a2376d8d4192326f109d98640c162c15c2eabcc4d6c620490286b137df1983054bf96ac1abdef54a92b4c4683af2a531a49c9f224cb94de86bbd92242d653dde610b63b0602977dbf136eb188324e917d6e44d7632060b9672b307afb1aa3148927ea309afd2d1182c58aaba2ebc48036390242d537d7a71b03158b05435c7f214b58d4192b45cb5788c938dc182a5ca3b9bfb7c248e246925aa71177f34060b962ae7cfdcec13a724499550c62d5c660c162caddc855c6f0892a44abb8abf1a420aabaf371a4d952bfc31912455d9755c6408162c2dff5d880bbd92a45cfc930b0cc182a5654dc5bf38c718244939ba8d33fd43dd82a55f4fc4cd9c650c92a43cdcc1e92c32060b96fe370db77286314892f274277fb06259b0f49372eee22463902415c0431ccf4263b060a91a7773823148920ae4118e6381319498b70b2f79bd7a80238d419254304702c7ba8a5562de68b4c4f1f7b45e49920a5eb11ea29a3158b0b2aa8cdb38ce18244905773877f947bc052babf5ea3f7433064952519cc89d3ed7d68295c57a750ba7198324a9684ea6bb15cb829535ffe04c43902415d51ff9972158b0b2e41a2e34044952d19dc38d8660c1ca8aabb8d810244989388f2b0cc182950597739921489212f357ffdc2901efe49ef83b09176b254949bb847f1882052b5e6773b32148924ae08ffcdb102c58713a967bdd939524954405bfe7bfc660c18acffe3ce9a31f254925b3902378d2182c5871d99317a86d0c92a4129a47175e31060b563cb6e7355631064952894da73def1983052b0e9bf1164d8d4192940213d99de1c660c10a5f73fab2ae31489252e25bda31c6188acc0fb51559335eb55e499252646d5e650d63b06085ac212fb19131489252657d5ea1b13158b04255975e6c630c92a4d4d98217a8670c16ac10d5e04976350649522aedc463de9dd182159e32eee077c620494aadfde849993158b0c272152719822429d58ee5af865024dea6a1284ea587214892027006b71982052b0c9d78c67d6d495210167208cf1a83052bfdb6e70d3f9921490ac62c3a30c0182c58e9d69afe34330649524026d296cf8da1a0bcc8bda056e345eb95242930abf222ab1b83052badeaf21c1b1883242938ade8ede52d16ac74aac6c3ec640c92a4206dc7a37e40cb8295463dd8df102449c1eac4bf0dc18295361773b221489282d68df30da140fc1461411ccce376554952f01671b077c5b260a5c5b6bceda58192a428cc620f061b8305abf4d66210eb1883242912dfb123df18439edcd7ca531d9eb15e499222b216cfba2f63c12a757c0fb1bd314892a2b22df759102c58a5742d071a8224293a07f37743c88bd760e5e124fe6b0892a44875e54e43b060256f57fa50d3182449919acf3ebc610c16ac64b56210ab1a8324296293d9892f8c21275e83959346bc60bd922445ae09cfd1c0182c58c985763f1b198324297a1bf318d58cc182958cbfd3d910244999b00f7f35841c780d56951dcc139419832429232a3892c78cc182555c5bd2dffbdb4a923265063bf3893158b08aa709efd2da182449193386ed99680c55e0355855508d07ad5792a40c6ac9435eec6ec12a967ff23b439024655247ae31842a708bb0d28ee57e43902465d8d13c6c0816acc2da86bed43506495286cd665786188305ab70566730cd8d4192947163d99e09c650095e835509d578c07a2549122d78d48bdd2d5885f2773a18822449c09e5c6e0895e016e14a75a297776e972469b14574e64563b060e5675ddea7a9314892b4c464da30c61856c82dc215aac593d62b49927ea1098f52cb182c58b9ebce76862049d2afecc03f0d6185dc225c81a378c81024495aa6e378c0102c5855b7118359c51824495aa619ecc87063580eb70897a33e4f59af2449f24f4a0b5621ddcea6862049d20a6cc41d8660c1aa8a3339d61024495a89a3e86608cbe43558cbb02dfdfdf8a924499530979df8c0182c582b578f216c640c922455ca176ccb0c63f815b7087fe336eb95244995b6013719c26fb882f52b87f3a82148925425c778e7480bd68ab4e67d1a1883244955328d6d186d0c4b718b70293578d07a2549529535e4516a1883056bd9fec18e862049520eb6e74a43588a5b844becc38b94198324493959c43ef431060bd62f35e343d63006499272f6035bf3bd31006e112e89e101eb95244979599d9eee0559b09676011d0d4192a43cfd8e730c01708b1080360cf0b30f922415c03c76e04363b060416d06b3b96782244905319c36ccc97c0a6e1172bdf54a92a482d994ab0cc115acbd78d50bf224492aa04574e00d0b569687df908f58d79f0449920aea1bb6644aa613c8f816e16dd62b49920a6e1d6eca7802995ec13a9827fd199024a9280ee7710b5616adc54734f5fc9724a92826b24586efeb9ed92dc232eeb45e49925434ab724f863f4696d982753afb79ee4b925444fb706a66c79ed12dc2d67c407dcf7c49928a6a26dbf27926479ec915ac6a3c68bd9224a9e8ead1936a16acac389f1d3de725494ac02e9c9dc97167708b70238652c7335e92a444cc626bbec8dca8cbb337e0bbac57922425a62ef76470c32c73233e8b769eeb92242568174ecbdc9833b645b81e1f7979bb2449099bc9567c99a911676a05ab8c1ed62b499212578f1e19bbe968a60ad66974f01c9724a904daf3fb4c8d37435b842df898553cc325492a891fd99caf3333daccac60957187f54a92a49269c01d191a6d660ad6efd9c7735b92a412da97e33333d68c6c11aec52734f6cc9652680e13f881a9fcc80c66309da9cc603a339806c00ce6ffe2ff435d6a01653402a03675a847431ad0908634a4f1e2ffdc941a462ba5d03436e35b0b563c9e657fcf6aa9e466309a317cc504c6338e094c601cd38bf4abad19abb3ceaffecfd22595de131c66c18ac5c13ce9192d95c04246f1056318c368c6308689253d9aeab4647d366003d667035a58b7a412d99f5e16ac18acc270d6f17c9612b2802f19c6083ee153463037b5c75983166cc0266cc5d66c62d99212f4159b31c38215be9b33fa1c6f2949b318ca60dee3233e635e70475f93cdd99aadd89aad68e8644a45f74f2eb06085ae0d83a8e6b92c15c57c3e61308319cc30164432a656ecc82eeccae6fee6908a66013b30d48215b272fab3a367b25460b3e9cf5bbcc960e6443bc606ec425b76657bea3ae152c10d6667165ab0c2750e3779164b05338b01bcc51bbc1be03660ae6ad0865dd99b5da9e5092015d019dc66c10ad55a0cf77a0aa9203ee0055ecc54b1fab57aecc9beec436b4f06a9207e64d3a8ef881575c17a9a033d83a5bccca61fbd783a43cf0f5b995674a003bff3d15b52de1ee3080b5688f6e379cf5e29675fd39bdebcc16ca35886daecc36174a18151487988f98e58d116acba0ca3a5e7ae9483493ccffdbcce22a358895a74e4300ef05204294731df112bda827523e779e64a5534855e3cce4bd1dc72c19a25a5ddf55c68c10ac9a67ce09d99a52a98c1133cc26b56ab9cd5a63327b3b777cf92aa6401dbf089052b1cafb3a767ad544943b88f07986c1005b016c771aa9f3494aae0353a58b04271048f78c64a95308d47f9bfe8efa79cbc3674e518ea1984542987f094052b0475194e0bcf5769852a7893bb782ae23bb1975a238ee20f6c6910d24a7dcd26cc8c6e54e5f14dd465d62b6985e6711f5bd19e87ac57453495dbd98a763c1ef9e340a4fc35e7cf118e2aba15acd67c426dcf566939c6d3935bf8ce2012fdadf4477eef86a1b40273d894d116ac74eb4d27cf5469993ee436eef7c6a125d18013399f750d425a8e6738c88295669d23be27ac948f37f93baf194349d5e0502e660b839096693f5eb460a5554d3e6643cf51e957fa7285e52a35bf723b7125db1a84f41b23d99cb9118d27aa8bdcff6cbd927e53aef66257eb556a54d09bede8c2fb4621fdcafa9c15d9dba96856b0d6e1532f23957e51ae2ee70d6348e9afde4e5c411b839096329d4df8369ad144b48275a3f54a5a6200edd8d57a955a15f4667b0ee123a390965885eba27a1b15c90ad6cef4a3ccb35302c6f2171e88f539ee9129e7106ef0d385d292b71ebbd2cf8295ae61f46517cf4c89c95ccfcd515d281abfbafc914b59c520246020bb44f2f630922dc2a3ac5712f3e84e6baeb35e056616d7b1313dbce3bb04ecc421918c248a15acda7ceae37194798ff127be3686806dcd8db4370665de683689e26d62142b58e758af94715fb00f4758af02f7017bb13fa30c4219b71e6744318e0856b056e30b1a7a462ab3e6711357f8d8e668d4e1022ea6964128c3a6b20113831f45042b58575aaf9461afb3151759af22329b2bd992d70d4219d688bf44308ae057b036e2636a78362a93bee51c9e30862895f17baea5894128a3e6b3399f073e86e057b06eb05e29a31e674beb55b42ab8930de8e1ddcc94513522b8e568e02b587b78a76a65d27774a3b7316440077ab09e3128a3677fd84f510dba6095f3aecff252063dce694c32868ca8cb359ce5732a944143d98e45011f7fd05b84c759af9439e33984c3ad5719328b73d88fef0c4299b30d47077dfc01af60d5e6739a7b062a531ee7f4083ebcacaa5b8dffe3606350c68c65a3806f391af00ad6e9d62b65ca1ccee670eb55464de0100e678a4128535ad02de0a30f7605ab3e5fd2ccb34f99f12947f0913164dcbaf4f4613acad85b8bd64c0ff4d8835dc1fa93f54a19f25fda58afc45774e4121f0aad0c598db3833df64057b056e54b1a78e62913a6731a0f1a8396d88d8759cb189411d3681de8c77a025dc1bac47aa58c184a1beb957ee16dda7807406546432e0cf4c8835cc15a9b2fa8e359a70c7898df33cb18f41bd5b88ccb637898acb45273d8806f023cee207f3eafb45e2903167211475bafb49cb3e34a3af2834128036a735990c71de00ad6860ca3ba679c2237992379d518b442ebf0086d8d41d15bc0e67c16dc5107b88275b5f54ad1fb98edad575aa96fd883ff1883a2579dbf0678d4c1ad60b561b04fe552e47a712c3f1a832aa92bfff16da72257411b860676ccc1ad605d63bd52e4aee400eb95aaa007fb7bc62872655c15e03107b582b52b6f7b9e29620b39833b8c4155b621bdd8d01814b55d1810d4f106b682f557cf30456c260758af9493cfd9c57b632972970776bc41ad60ed423fcf30456b125d027b7fa674a94e774e370645ac5d502d20a815ac2b3dbb14ad2fd8c17aa5bc2ce00c2e0cf3e96752a55c1ad4d106b482b533fd3dbb14a977e9cc046350011cc7ddd43006456a47de0de658035ac1bac2334b91eac39ed62b15c8fd1ccc6c6350a442ba0e2b9815ac9ddc3e51a45ef20f4415fc5dfef3343506457a7687b28615cc0ad6159e558ad2f31c64bd52810d62b7201f8e2baddc5f8239d24056b0bc7fbbe2f438c730df1854042d78998d8c4111da81c1411c67202b585759af14a10739da7aa52219cbaebc670c8ad065811c67102b58ae5f29ce7a75220b8c4145d48097d9c918149ded8378f310c40ad695d62b45e7018eb75ea9c87e641f061a83a213c6fdb00258c1da8e772d588acc731c62bd52225cc5527c2ad8960f527f9401ac605d6cbd5264dee008eb9512e22a96e253c645411c65ca57b0366278684fa49656e85d3a30dd18942057b1149b856cc217293fc6d477973f5baf14954fd8cf7aa584b98aa5d854e3bcd41f63ca57b0d66614353d93148d2fd98def8c4125d09097d9d118148db9acc7b8541f61ca9787ceb15e292213d8db7aa512994627461883a2518b3fa6fc0853bd82d590b134f42c5224e6b017fd8d4125b436fd59d71814891f599769293ebe54af609d69bd52342a38d57aa512fb967d996c0c8a4403baa5faf852bc82559bd1ace119a4485cce5586a014d891d7a8670c8ac20fb4644e6a8f2ec52b58275baf148d47f9bb2128150671a47761532456e7b8141f5d6a57b0aaf129eb7bf6280a7de9c05c63506a1ccb7ddec05951f8928d5898d2634bed0ad6e1d62b456224075aaf942a0ff0174350145a73506a8f2db52b5843d8d6334711984d5b861a8352e76e4e360445e003b64d699149e90a5647eb952271baf54aa97406ef1a8222b0357ba6f4c8525ab0cef59c51146ee71e43502acde140be350645e0ec941e572ab7083764844f20540406b3ab575f29c5daf00e758c4181ab60133e4be171a5b2c79c63bd5204267384f54aa93624e5376a942aa38c33527a5ca95bc16accd7de064fc15b44675e3406a5de8d9c67080adc0c9a3335754795c2a5a253ad578ac0d5d62b05e1025e360405ae3ea7a4f0a852b782559d2f7d18a98237849d996f0c0a42633ef0b7ae023796f553f78482d4ad601dec0fba823793a3ad570ac6148e4bedbdb0a5ca69c101a93ba6d415acb33d4f14bc73f9dc101490b77d56a68297bef690b22dc236bce759a2c0bd48a7b43e20415aee7bed57696f0c0ada0e0c4ed94f55aaf86916856e022759af149c451ccf446350d0fe98b2e349d50ad65a8ca6a6e78882d685de86a020edcbf394198382359ff552f5748254ad609d61bd52e0eeb25e29582fd2dd1014b01a29bb716e8a56b06af135ab79862860dfb3490a6f762755feb7f07b6c6e0c0ad678d64dd1f33352b48275a8f54a813bdb7aa5a0cde5f8d4dd4b48aabc661c9ca2a34951c1fa83e78682f6228f19820237949b0c41014b539348cd16e1a67ce2e5950ad82c3667b4312878b518ca26c6a0606dc127293992d4ac609d61bd52d02eb55e290a73398545c6a060754dcd91a46405ab3edfd2c0f342c17a8f9d7cd888a2712b671a8202358db599998a2349c90ad6d1d62b056c215dad578ac8c58c310405aa2147a6e4485252b0ba794e28607733d41014911929da6691aa2a2debafa9d822dc89019e110ad67436e47b6350649ee0104350a0d2f154c254ac6079830685ec6fd62b45e83c66198202958e56918215ac467c4b5dcf07056a249b31cf180aa41e4d69caaa34a61175a84d636a5307a841fd25ff4ec5e2dbb94e61063398c134263281894cf03ab802fb3b971a8282349bb59952f2a3a85efa204eb65e29607fb65ee5ac0e1bb03ecd69cedaacc33aac41ed3cbe5b0513f99e318c610c6319cd6729f92451b8aee544d6360605f9bbe5386e29f951947c05ab8c116ce4d9a040bdce5e8650250dd9822dd98a0d599f758afa4a158ce553863382217cc27ca3cfc1b1dc6f080ad2a76c5af20dba9217ac3d78c33341815a481b3e34864aa8cb76eccc8e6ccd7a2579fdb97cc41006d38fcf9c8c2afd01d18f9d8d4141da8d77b25eb0eee338cf0305ea5e4e3484156ac8eeec453bb64cc3d50800fc405fdee12d3e4ccb53c2526e7b06a6e991b552a5f5e4e46c17acfa8c5beae2552924f3d99851c6b04ce5ecccbeecc5f6544be9117ecf4bbcc8ab29b81036edeee75843508066b226d3b35cb04ea58767810275a737635c86baec4d17bab05a1047bb90fe3cc5537ce5c42dd7060c4fcdfaa3541527d333cb05abbffbfb0ad45c36f48fe55fa8c13e1ccd01017e2ab882c13cc9a38c751297a9a75be10ad23bec96dd82b5219f52e639a020fdc7c7e12ea50d277338ab063d8645bcc5bd3cc90ca7f3575a33821ac6a0006dc2a7257cf5925ebd78b2f54a819acd358600403d4e6130ef717ae0f50acad9937b18c73dece4b4fec297dc67080a52693f4457c215acea8c652de75f41ba99730d81753987936918e1c8dee7361ef651314bb4e4336a1a8382f32d2d4af8848712ae60ed63bd52a066716de633d8827b19c9b951d62bd896bbf886ebfd1db5d898125f2c2ce5666d3a96f0d54b58b04e72ee15a8fff243a6c7bf15cff121c7477e5d4e63fecc28ee64434f78e01ae61a820254caa651b22dc2a67c4b2de75e015ac88619beffd5465cc96199baf5e4229ee66f7c94f9f3fe4e7eef0fbf82338fb59958a2d72ed9efc963ad570ad49399ad57ab71079f7044c6eeec5dce210ce5e1cc3f33b5bbf7be57806a7264097f7794c889cebb02754326475d9db3f88cae19bde5643947f2093d6991e1f3fe135ef3875f012add2661890ad6d66cedac2b486f323883a36ec750bad338d3335f9d1319c1d5197eb857777ffc15a06dd9325b05eb68e75c81ba3e7323aecbb5bcc9e64e3d50874bf89caea97dc262713d5fd29b364ab93aaa44af5b928bdccb189de9a576856b185b64ec4a940edc494b27fe5706f307decfe0b8cfe456275fc1f98a9625f9bd5d9215acddac570ad48d99aa5735b99157ac57cbb03def725306370bef61aa93afe0ac4bdb92bc6e490ad651ceb7823499873334dad6f4e33c1f67b51cd53887e1ec9fb151cfe06ea75e012a4deb2841c1aac1a1ceb682742f733233d6c3789fed9cf2156aceb33c90b14bff6ff7660d0ad0e125b92d72090ad6ef68ea6c2b487765649c655cc8a33470c22be11886d33943e3fd927e4eba82b36a491e99538282e5270815a6b7189e897136a417d7ba3558696bf01cb7533733e3bdd72957804ab14998f8a708ebf103f59c6b05e8e84c5c81b52e2fb189935d65c3399c611929e0e3a8e3842b3033599d9909bf66e22b580759af14a4893c9581516e4a5feb558ec9bdc7599918e9349e71ba159c7a7449fc35132f587e825061eac9dce8c7b82bfd68ee54e7a836ddb92f135b856e122a44c95f9e94f016e16a7c5b926bf9a5fc54b02123231f63479e75eb276f1f702063231f6335c6b2b653adc0cc674d2625fa8a09af601d6ebd5290deb15ea952b666087b463ec6853ce8442b38c9df222ae18275a473ac203d64bd522535e5254e8d7c8c162c8528e94b9412dd225c836f4bf57469290ff35893c9118faf2daf5aaf0aecef5c1ef52d39bfa49593acc02c621dc625f87a89f69d43ad570ad28b51d7ab4d79ce7a557097d133ea0b229e738a159c720e48f8f5127488f3ab20c5bc21b20e2fd1c4292e82137832e2e26ac15288926d21096e11aeca38aa3bbf0ace8facc1ec48c7b60afdd9dc292e9ad7d89f59518eac3ae333f61446c560016b3231b1574b7005eb20eb9582f464b4f5aa8cff5aaf8a6a2f5ea27ea47f50bde0f42ac0370649de6e34c182e506a1c214ef06e1df12ffd872f6ecca0b91562c370915a2249b48625b848df8819acead82f33debb030ca911dca633ed239112fd385f9d18daa0113fc9daee0cc6375a626f45a89ad60edef8fa282d42bd27ad59abbad5709d927caac7fe44da756c1a949a7c45e2bb182e506a1c2f46c94a3aac1fd34707213731cd74738aad79d580528b93692d016617dc67ba71d056826ab3227c2715dcf9f9ddc84fd917f4736a21d19e8b42a38b3598d9989bc52422b589dac570ad2cb51d6abbdf893539bb87fb17b64237a9f194eab8253877d137aa5840a961b840ad333118ea91e7778f55509d4e049d68b6a44f3e9efb42a40493592440a56727d512aa438eff5732dad9dda9268ca13d48e6a446f39a90a50e7847e0e1329581d22bd0f8c62d79749d18d69174e77624b665bfe61c1924aac3eede329589d9d4f0529be4f1056e70e1fb95e526727f821f1e21b1ce9838014bb645a4902bf6bcbd8cfd95490e2db203cdb47e394581977b25a34a399c700a7544116ac24ae434da0606dc33acea602f4359f4736a235b8dc692db935b935a2d1f4734215a0e66c1947c172835061ea13dd88aef3e6a2a97004bf8b662c1f389d0a5212cdc4822565a4606dc9b14e6a4afc1ff52c58520925712d64d10b5633da38930a5005af4536a2ebbcbc3d355a704924231993d88373a542da91d5c32f585dfca5ae207dcc0f518d67d788b6a562701ecd237923f2a193a9009527f01bb1e8edc70d428529bef52ba549ed683e70f08193a920157f93b0c805ab167b398b0a525c5760edc3ce4e69ca9cc4a6518cc3152c85fa5bb166d8056b4f56711615a079bc1dd5782e764a53a71a7f89621c439d4a05a901bb865db0dc205498863023a2d1ecccee4e690a1d4acb0846319c794ea58254ec4dc2f2b00f5f2a8eb86e9f7889139a4ad539378251cc63b453a920ed1f72c1da2c8af767caa241118d6563dfe8a4d6c9348960145f3a910a526b360cb760ede3fc2950313d61edcc449ebaa55cd4e7980846e10a9642b577b805aba3b3a7208de5db68c6b20ac739a1297682054b2a99e2b6942216ac9a45bf425f2a8efe51fd01eef307d3ac0d5b053f86514ea302b52735c22c58eda279da96b26660446339cde94cb9f057182d580ad52aec1866c1728350a18a67056bc7486e6619b3832c5852c914b3a958b0a45f99cd47d18ce504a733f55ab159e02398ce24a751812ae665ee452b584dd9c6995390e6f3173a45f1f1f95a1ce1740660ffe047e01a9642b53d8dc32b587b15ff39d2525134e0327a3391e1dccdc96c12f04d0e3a475113e3b75ff023f8ce4954a0aab167d1be77f5627d63370815b6323661134e0626338001f4633033031bc3d14e6320efa16b3137e811b845a87075e4a9d00a5607674d916842273a010bf9947ef46508c38338eebafccec90b422db60bfce14c139c44055cb08aa548056b431f92a3e854633336a32b308ef71657ad39293ede2ed475d202d136f082e50a96c2d59a5645ba8ab04805cb0d42c56c4dbad00598c37bf4a73f03189fc2a33cc4890ac60e811fff44a75001ebc81d162c295d6ad38e76008ca43f03e8c73016a5e4d8ea4470e97476847eb7320b962c58bf554645e1bf693526d1d0395306cde003fad197fe4c2ef19174a2b7d3118cf9d4675ec0c7bf4be05b9ccab629ac5a94b7c645b997c2d6d62b65547dda7121bd98c497dc4b57362dd94d1ef67532025283d6411fbf2b580a5963b628caf72dca16e16ece9732af15ad381e18cf00fad39f21cc4ef4f5fd046158366084054b2a91ddf8d0822585a619077000b080cfe8475ffa323a8157dd30f01591ec5933e8a39fe1042af082756b1805ab6cf165bf9296fe51fbf9260f5fd18f01f4e7431614edd55cbfb26025691e15013ff140dabd2817a417a1606dceaace96b45cebb22e4701b3789f21f4e38d226cb0ec69cc815923f0e39f472d2751c15a8d8d8bb0495f8482e506a154197569473bcea6824f19407f0630a240efa1cad8d5780313fadbd2b9162c056d370b96149fff3df5703a83e8cb10fa3235afefb8394d8d3530b5033ffe794ea1022f5885bf1756110a96576049b959850e7420ffa71eee6e94162c0b9654e2df9a052f581bb1963325e5e57f4f3dfc8e01f4632043aaf40798abc8e1a913f8f1cf750a15b4b58bf044c282172c7fb54b85b3168770083087218b9f7af84325be6a47830b4e0d0b965452bb5bb0a42caa4d5bda02f0dde2cdc37799bf9c7f770dd635300b4ac2dc2254e876a5a7054bcab2b5388cc380e90ca43f0318c8b45ffd1bdb1992052b710b9d4205aef0576115b860ade77b672911abd0918e008ca22ffde8bbe4260f3b184e8066077efcdea441a16b4573be4e73c16aeb1c4989ff5af8e9a98713163ff57067230950e82b58359d4205af2d8fa4b960ede40c4925b21afbb3bf3104ca152ca9d4762c70c12ab7604952a98db760492556e80653d08255872d9d2149aab21f023f7e0b96c2b74d81cfe38216ac36c1dfcb45924ae1fbc08fdf6bb014be5a6c93de82e506a12459b0a43015b6c514b46079ff6849ca45d85b84d5a9e6142a02856d31162c492ab10a46067dfcb59d424521b52b586bd2dcd991a42a1bcbcca08fbf8953a828b4648d74162c6f6f2849b91811f8f1afea142a1285dc892b4fe761499205cb822559b0f0338492949be1811f7f53a750912864932958c1aac6b6ce8c24e56040e0c7bf9a53a848ec50c0270816ac606d497d674692aa6c0a9f063e0257b0148b7a6c96be82b59df3224939e8c7a2c047e035588ac7f6e92b586e104a526e052b74162cc563ebf415ac6d9c1549cac1db162c29350ab75c54464521be4d357ea4aef3224955349eb55818f818be607d2752919849c302fd441668056b23eb9524e5a057f0f5aa1aeb3a8d8a463d3628d0772a50c17283509272f16cf023684e4da751112954a3b1604952c9cce2b5e0c7d0ca699405ab7805cbcf104a52d53dc32c0b9664c15a9e32b6724624a9caee8e600ceb398db26015ab60b5a08933224955349a372318852b588a4b539aa7a7607905962455dd7f83bf87bb054b312a4cabb160495249cca76714e3b060c98265c192a4d4b89f6f2318c5eadec75d16ace2152c3f43284955b3881ba31887bfff65c12a5ac16aca5ace862455c9930c8f621c5b3b958aceba344e47c1daccb990a42aa9e0da4846b2a593a9086d62c192a4103dc2fb918cc46b7015a342349b0214ac4d9c0949aa82395c1cc9480af7605c294d5cc192a400ddc8d84846b265a19eb726a54a4a56b036752624a9d27ee0fa68c6e206a1e25488669377c16acc1ace842455da59fc18cd587c0eade2b40e8d4a5fb036771e24a9d29ee5b18846b3ab13aa48e57f1556de05cb0d4249aaac89748b6834cdd8d82955a4f26f37162c494acc69fc10d16876a7cc299505cb822549a575174f44359edd9d5259b08a57b0bc49832455c6879c15d988f6705215adfcdb4d1915f97c7923a6380b92b45253d88e51518d68357e708b50d1aaa031d3f2fa0e79ae60b97e25492bb788e323ab57b09bf54a112bcbfb231c79162c1f9323492b7701bda31bd31e4eaba296ef55587916acf59d01495a89eedc18e1a8da3bb18a5a6b0b9624a5d9e39c17e51f3e7e865c71cbb7e158b024a988dee478164538ae039c5a59b08a59b05a390392b45cefd08539518eec40275716ac15caeb360d6b30ce1990a4e5789b4ecc8872644df99eea4eb022b71a13f3f8eabc56b0dc2094a4e5798bfd22ad57d0c57aa50cc8afe558b024a9089e665f66463bbafd9d6059b08a59b05a9bbe242d43770e6576b4a3abc3de4eb13220bf9653bd742f2d49315ac8b9dc1af508f7a29ed32c0b56310b965b8492f44bd33996e7221fe3514eb33221bf9693d7a70827d3d8fc256989cf38944f221f6303c651d7a956064ca0591e5f9dc735584dad5792b49487d92efa7a05875baf9411abd1b03405cb2bb024e9670bb888a3a3bd2dc3d24e70b29519f9341d0b9624e56d183b715d2646ba1e6d9d6e65463e5761e551b05a9abc24514177da302423a33d8932a75c99d1228fafcde35384cd4d5e52e68de144decacc68cb38c6295786e4d374ca4bf3b29214bef9dcc0e619aa57b03bad9c7665c8ba797c6df5d2bcac2485ae2fa7f371c6c6fc7ba75d9992cf52521ef7c1f22e5892b26a0a57f06f16656cd46b319a9a4ebe32249f3b61e5bc4558cf7a252993e6730b1b704be6ea159c6ebd52c6ac4a9de40b961b8492b2a80fdb7036933238f25a9ceaf42b63ca5827f982e525ee92b2e67df6a423c3323afae3f37a6c8814a6dcdb8e054b922ae13bbab1036f663881333d099441b9efd7e5fc29420b96a4ac98c5ad5ccdf44c67d0812d3d119441b9b71d0b9624adc0229ee44f7c95f91ccef6549005cb82254985f11ae7f3a131b031fb19822c5855e2a7082569993ee7703a58af00b83c9fc77e48992c5839df68743af5cd5d52a426733d3731cf2000d8948f2d58caa8e934c8f12b73dc226c64bd9214a979dcce154c358825aeb45e29b356a1013f2659b05637734951eac5398c3286a56ccec186a00c6b9663c1caf16d89054b527c06b31bfb5baf7ee52ad7af9469b9361e0b9624015f733c3bf28e41fccab61c6008cab45c9f60503dd99793a4f499c10d5cc71c8358862b293304655aae4b4a5e832529d316d0832b986010cbb4339d0d41162c0b9624554d1fcee36363588e326e3604655eae7b76e5c9be9c24a5c5083ad1d17ab50227b0832128f3bcc85d922a6d2267b3052f18c40ad4e76a439092bec8dd82252954b3b8956b72bcb34d965cca5a8620e5dc78727c54ce0cea99b9a4e054f0041730c62056aa15c3a86d0c12d36894d3d7e5b44558d77a2529400369cbe1d6ab4ab9d17a2501d030c79f859c0a961b849242f30587b333030ca252da73a021488be5761596054b52f42671369bf1b84154522d6e350429cf82553db99792a4e4cda727977923d12ab98c4d0d415a22b765a59c0a5653d39614845e9cc74863a8922db9d010a4a53449ae6035326d49a93784f378db18aafc87c27fa9610c52deada73cb99792a4a47c433776b05ee5e002da18825480d6e30a96a4c8cce49f5ccf6c83c8c146fcc510240b9624fdd2221ee042be37889c94739777bf922c5892f44b2ff3273e31869c9d453b43900ad47abc064b52143ee5707e67bdcac3663edc595aa6c6397d952b5892823789bf711b0b0c220fb57988bac62015acf5e454b01a9bb6a49498c7edfc95690691a7ee6c690852a90b5623d39694028b78884bf9ca20f276285d0d412a68eb29a3a2aa5f528df99499b7a412ebc3050c35860268ce0739deab5acac65bb91a2caaf257e570917b23eb95a412fb842e74b45e1544751eb15e492bac4a0d72faaa1c0a962495ce5774632b7a1b4481fc8d5d0c412a78f3a99ecccb4852214ce46a6e639e4114ccde3eda594a4bc16a60d2924a6016b7722d530da280d6e3c1dc6e8728654ac3640a563d939694b0453cc99f196b1005b50acfb1aa31482b95cb3de2aa27f3329294bb3e9ccf47c65060e53cc8e6c62015a9f99427f33292949b77d9838ed6ab22b88a2e8620a5a960d531694989f89cc3d989b70ca2080ee66243908ad87cdc2294944a13b9819bfcbc60916ccd7dded1502a6af3b160494a9de9dcc08dcc34882269c6337e5c494a5fc1728b5052f1cca7277fe57b8328e21f15cfd0c218a422371f57b024a5482fcee70b6328a21a3cc9cec62015bdf97891bba49418c0aeec6fbd2aaa327af03b639012683edea641520a8ce07076a1af4114d9b59c68085222cdc72d424925f60d5771370b0da2e84ee70243902c5892e23797bf7113b30d22018773ab2148692e585e8325a9303ee328861a4322f6e03e1feb2ce5c86bb02405e43eb6b35e2564679ea5963148394a6805cb1f5249f99ac6693c6c0c09d9899768600c52ce6a2753b0aa9bb4a4bc0ce468461b4342b6e505eb9594976a397c4d79322f23493f59c015b4b35e25661b5ea5b1314879a99eccd7b8822529576339d6bb5d25686bfad0c418a43cb9822529d59e601beb95f54ab26059b02415ca74ba7118530c22315bd187a6c62095a860554fe6652465db7b1ced530613b53d2f58afa402c9e5e22857b024155905dd696bbd4a547b5e635563900ac4152c49a9f30d27f0ba3124ea48eea5a63148252d5839ac60f929424995f5385b59af12761a0f5aafa482728b50528a4ce5580e67b24124ea426ef399835281b9452829355ee614be35864495f14fce3706c98225294ed3398fbb8c216135b89be38c412a8284eee46ec192b422afd095b1c690b0663cc29ec6201585371a955462d3e8c6efac57896bc707d62b29f4822549cbf6025bd0830a834858575e674d63905225872dc285dea841d26fcce074ee3786c4d5e32e8e3406a9a8165ab02495c6080e618431246e331e617363905258b0ca93791949317b9a9dad57892be72c8658afa4042cb060494afe17cf451ccc348348586bdea03bb50c424a40425b840b4c5ad262df7038038c2161659ccabfa86710525c05cb152c493f79996399680c09db80ffd2ce18a404b945282931155c4727eb55c2eaf3573eb25e490973054b5242a6731ccf1a43a2ca39867fb2ba4148162c4971fa9c03fdd460c2f6e426b63206a924dc22949480e7d8de7a95a84d7986d7ad5752c924741f2c3f4528655705d771103f1a4462b6e45e3ee2008390022b586e114aaab4199cc893c69098b65c4867ca0c42b260498ad7480ee2136348b05c753106291572d9bbf346a3922ae5258e668a3124626d7ab09f3148a991d03558734d5aca9c1e74b15e25e4303eb25e49a93227998235cba4a58cbd773b9b6eae5d27620d9ee1319a1884942ab9349f1cb608679bb49421d3398ae78d211187f17f962b298572693e39142c57b0a4ec184517861b4302d6e0ffbc19839452b9341fb708252d577f76b65e25e2308659af240b96a42c7884bd186f0c45e7755792050bf01a2c290b2ab884a372fae48caae62446b87625a59cd760492a88799cc203c650745e772585c14f114a2a80191cc64bc650747e66500a852b5892f2368e4e0c35862273ed4a0a49422b58162c295ec3d88faf8ca1c85cbb92e22f585ee42e6989376967bd2a323f3328852797e6e36d1a242df624fb32d5188acafb5d4921f23e589272761387795b86a25a9be75dbb922c58cb37d3a4a5e85cc779541843111dc647ec670c52660a560e17b94f3369292a159c4b776328223f3328856d6a32056baa494b1199c7f13c6a0c45e46706250b96054bca98591ce24d458bc8b52b29ab05abacea975d54633e65a62d4560329d19600c4552c689fc8b460621056e21355954e5af2acfe585a69bb61481ef696fbd2a9a0e0ce6bfd62b2902d372a85739152c9862da52f0c6d0960f8da128f66610afd2c620a4284ccde9abca937b294969aa57ed19650c45b00baff3323b188494f182553db9979294169fb117df1a43c1edc8a5743106c98265c192b268041df8ce180a6c732ee7503f00244528b70ba32c5852c67cc0de4c308682da940b3936b72b2e24a55e6eadc7822565cafbeccd246328a0965ccc29543308c98265c192b2ea3df661b23114ccba5ccac9b9fd1a9564c1b2604971e8c7bedec5ae60d6e6524ea1a64148162c0b96946503d9cf7a5520abf227cea28e414816acc2162cafe09042f3019df8d1180aa0097fe43c1a18849419b95d589153c11a6fda52503ea483d75e15407dcee0221f7f2365cc0fc915ac1f4c5b0ac8c77470dd396ff538854b6966109205ab52caa8a8fa17d56196794b81f88c3df8de18f2529313b982350d42caa4dacccde1ab725ac19acd7456317129005fd0de7a95971a9cc4e5ac6d1052464dcda95e91eb0d5cc65bb0a4007cc91e3e14270fd5399ecb6961105286e57a595479b22f272939dfd1d17a95870e0ce56eeb9564c1b26049fa9fa97462b431e468031ee35536370829f372bd73428e5b84162c29dd66d1990f8c21278db88873a8651092f2683c395f832529bde67108fd8c2107e51cc30dde8c4152de8dc7152c293a0b3996978c21077b70335b1983a402341eafc1922253c11f78dc18aaac39f7f286f54a52811a8f5b845264fecc5d865045ab7009e750db202495ba60b98225a5d38ddc68085552c6a1dc48738390b44cb92e29e5f4a81c68c854339752e7318e62913154c1f67467676390b45c0d989e64c182e9d437752955de66ef1c1fe9904d6b730dc75166109296eb471ae6f895e5b9bee4d7a62ea5ca700eb45e555a1d2ee4538eb75e495aa1af72fe4a0b961485efd88f29c650499d19ceb5aec24b2a62dbb1604911f8914e8c35864ad996b7e9454b839064c192b422f339d4c7e254ca9adcc1bbec6a10928ade76aa27ff92920aeb545e358495aac5b95cc22a0621a90a72bf06ab7af22f29a990aee55e4358a9cedc4c6b639054456e114a19f5029719c24a6ccc8bf4b25e494ab4ede47c1facbacc3477a9c486b2ab3f892bd490ab389d6a0621290715d4654e8e5f9bf316e12c26d3c4eca512fa9e03ac572bd499db59c71824e56842cef52a8f2d42afc2924a6b0e07b955bf021bf032bdac5792f290cfefd8f2d2bcaca4fc54700a038d6139eaf2573e666f839094977c9692aae7fea5162ca974fec64386b01c0772332d8c4152def2693a162c2940cf71a5212cd37adc4a27639054f28295c716a10fe6904ae3738ecff5e3bf512ba32b1f59af24154c89b608bf3479a904667030d38ce1375af25ff63406490534328fafcd6305eb0b93971257c1490c33865f29a32b1f5baf2415583e4b497914ac294c367b296157f38421fc4a4bfa7007f50d4252418dcf6bb7a03c9f977693504ad6ab5c6108bff0d37557ed0d4252c1e5d772f22a58234d5f4ad0188e62a1312ca505af7007ab1884a422c8afe558b0a440cce1402619c3528ee1633a1883a42229e10a965b845272cee6434358a20e37f3806b57928a28bf65a4eaa57b694995f7183d0c6189cd7884cd8d41528a0b965b8452103fe6a71ac262657465b0f54a52ca0b56597e3784fed1257aa9e8e6b00b438d018055f92f5d8c4152d14da5715e5f5f9edfcb7b1596547c675baf16db830fac57921291ef2e5d79695f5ed2ca3cecd5578b7f595d491fd63608494114aceaa57d79492bf639dd0c0168cc83ec6b0c922c5892f2379fe3986e0c6cc4336c6c0c921294ef4550796e118e7006a422fa0bef1a025d1864bd9294b0e1797e7d9e9f226cc414e7402a9277d833f38fc629e302aec9f79da0245551050df3dc3fc8b360c1b7ace53c48453095ad199bf10c1a701f07782a484adc57b4c8f33be4fdc670b8b32015c56999af571b31c87a25a924f26f377917ac61ce825404f7f148c6133888f7bcf24a5289e4df6e5cc1925268347fcc780267f104f53d11249548feeda67ae90f41d22f2de4587eccf0f8ab7153e60ba6a4cc172cb708a542bb91fe191e7d5d1ef2ca2b4925555180db50e5fd2942f88e359d0ba9603e655b666776f44d7996b69e04924aea6bd6cdfb7b14e0f6326e124a85b388df67b85eadcf00eb95a4922b44b3b16049a9f24ffa6576ecbb30800d3c052459b02c5852618de08acc8efd285e67554f014916ac9f7999bb54188b389539191dfb1f78805a9e029252a110cdc6152c2935b2bb3d7821b7fbbc4149a931a200dfa3009f2284af59c7d990f2f429db6474fdea6a2e71fa25a5c618d62bc07729c89bc6a1ce8694a70acec864bd2ae35fd62b49a9529856539082f5beb321e5a927af6770d4d5b893739d7c491116aceae9391429bb26726106475d830738dcc99764c1b26049c5712e133337e65a3cc2814ebda4480b56412e728709debf46ca591f3a666ecc75e9457ba75e52ea4c64b5827c9f027d32fa436744cad15cceccdc986bf284f54a522a15eabaf202152c3709a55cfd8dcf3258aff675e225a552a11a8d054b2aa9e1dc90b111d7e051ba38f1922c58162ca978ce635ea6c65b8d7bbdb45d52060a56812e722f671af59d15a98a9ee2904c8db79c7b38ce6997945a3368c8a202fdbe2b88457cecac4855349b3f656abc65dc66bd92946a1f16a85e51b8e7abba492855d5f58cce54bdba956e4ebaa4542b5c9bb16049253296eb3335de7f7286932e29e53e485fc11aecac4855723eb33234da3f73be532e29f5de2dd8772ad045ee508da95ee62e55daebec95a1d11ec983857b37274945329dc62c2cd0f72ad8efbc85bce7cc4895fe79393b43a36dcfbdd62b490178b760f58a42fed61be8cc489574179f6466ac9bf324359d7249011854c0ef559ecec3926236832b3333d6757881464eb9240b96054b2ab6eb1897919136e1159a3be1923258b00a76913bc0185a383bd24a7ccb46ccccc4486bf32aed9c7049811845eb027eb7825e79ea1a96b4729766a45e95f380f54a52400a7b2db9054b4ad407dc9f9191fe3363cf599414bac2b69882162c3f4728adcc05057bce55ba1dcf794eb6a4a014b6c514f41aacda4cf3e3d8d20a3c4fe74c8c7367dea096d32d29207369c8dc027ebf82ae60cde14367485aae855c948971aec5e3d62b49811952d07a45a16fafec26a1b47c7767e2f6a275e9c5da4eb6a4c014bac114b8607999bbb43c73b82a03a32ce32eb675b22505e7dd027fbf0217acb79d2169396ee39b0c8cf2328e72aa2505a87fc1df6e5614f61b7ab351695966d29a1fa21fe5813ce9639d2505e84bd62ff0772cf8ef42d7b0a465b92503f56a4beeb75e490ad25b05ff8e162c2901d3b821fa31d6e751ea3bd5928254f8f662c19212f02f26473fc63bd8d8899664c15aace0d760c1b7ace54c494b99442b7e8c7c8c7fe416275a52a0bea179c1bf67112e9878c799927ee19fd1d7abedf9a7d32c29586f15e17b16a160b949282d6d02ff897c848d78d43bb74b0a58319a8b054b2ab2ab9911f5f8caf82feb39cd9202568c15ac225c8355c6f73473b62400bea33573a21ee1f919f884a4a4988d678dc297a162ac6055d0cfd99216bb31f27ab523d738c99282f65611ea15c5b92ba09b84d24f267367d4e36bc2a3d4749a2505ad38adc5822515d12d4c8f7a7c3d7c3496240bd6329515635dac1a1369e48c29f366d29289118feff791afcf49ca82c9acc6a2227cdfa2ac602de44d674ce2f6a8ebd57afccb299614bcd78b52af28d693595f75c6947973b929e2d195730fab38c9928257acc662c1928aa427df453cba4bd8cd299664c15aaea25c830530ca5b0f2ad316b23123a31dddb60cf0d383922230920d8af49dcb8b75c87d9c3565da2311d7abdadc6bbd921485578af69d8b56b0dc24549655705dc4a3fb279b3bc592a250bcb652b42dc2c64ca09a33a78c7a814ed18e6d6f5ea2cc2996148185acc694227defa2ad604de17d674e99d53dda9135e6bfd62b49911854b47a55c482e526a1b26b78c467ff3f59db0996148962feaeb6604905d7bd583bef25b73b273bbd922c58955056bc3f096a3289face9e326732eb3233ca91d5e2033676822545623a4d995fb4ef5ec415ac79bce3ec2983ee88b45ec195d62b491179bd88f5aaa805cb4d4265d1026e8f74645b719ed32b2922c56d29452d582f3b7bca9cc7f93aca7155e76e6a38bd9222f24a51bf7b510bd6f088ef652d2d5bac3768388f364eaea4887cc617e1162c78c11954a60c645094e36ac9e54eaea4a8f42ef2f72f72c17ade1954a6dc12e5a8cab88b7a4eaea4a814bba19415f7863d3599c82acea232e207d6655e84e33a919e4eaea4a84c63b5a27e86b0e82b58f3fc24a132a46794f5aa01d738b59222f35291eb55d10b56f1f738a5b4a8e0bf518eeb6face9e44a8a4cf12f612a2bf6333d9a31aef82d4e4a813e748c70549bf281b76790149985acc1c422bf46d1bbcf78063b93ca841e518eea56eb95a4e80c2c7abd2289c5253709950513792ec2511d4e7ba756527492b8c781054b2a88bb991bdd98ea70bd132b2942493493040ad6078c752e15b90aee8e705497d2c2a995149daff8388e82052f3a9b8adceb457ee44229b4e67c275652847a25f22a89142cefe7aed8c57881fbcdd47662254528995652f4db3400d4623c0d9c51456b02eb44778bd1fd7c6324294ad369c69c045e279115acb96e122a6a0f4657afaa7979bba448f54aa45e91d43d409f744615b1fba31bd1896ce6b44a8a52528d24912d42a8cb04ea3aab8ad208368d6c4475f88ce64eaca408cda219331379a5f2a406f48ab3aa48c5b77e758ef54a52a45e4ca85e91dc6302dd24549c2a7838b21135e64f4eaba44825d746122b58bda2bb0c5802788b31918de82f34715a2545696e829f8f4eac604de3356756118a6d83b025a73ba99222f50a3fc657b0dc24548ce6f0546423ba8a5a4eaba44825d94412fa14214053bea7bab3aba83cc611518d674b8626f9ae4b9212349f35989cd8ab25f8bb74126f39bb8a4c6c1b84ffb45e498ad6eb09d62b92fd6dea26a1e2328197a31acf9eeceda44a8a56b22d24d182f5140b9d5f45f5c33a3faaf15ce1944a8ad6429e8db760fd407f6758117922aad1ecc96e4ea9a468bdc3f8780b16d1dd9251593631b2ab0affea944a8ad84309bf5ec205eb516f37aa683cc3828846b327bb3ba592a2352ff19bea245cb026f3aab3ac48c4f5a10dd7af24c5ec4526c55db0dc24542ca6f27a44a369ebfa95a4a825df3e122f58cf30c37956049e8d6abbfbef4ea8a488cda477fc056b26cf39d38a404c1b846dd9c3099514b1a798197fc172935031981ed5d5845739a192a2568ae6518282f532139d6b05ae1773a2194b5bf6744225456c027db251b0e647767b4665d153118de50aa75352d41e2bc953374af26457370915b6d9bc18cd58b6a183132a296a0f95e4554b52b0de618cf3ad80bdc1ac68c6f267a75352d4c632203b05ab82479d71052c9ef5abe61cea744a8ada835464a760956ab94eb260fdd2f9d4703a2545ad5497259595a8d83194ad9d750569049b463292c67c457d275452c4de63fb12bd7279a986dcd35957a05e886624a759af2445ae746da3642b584df88e5acebc02b457244f21acc568d6743a25456c1e6b25fe90e79f956c056b32bd9c7905683a7d2319c9b1d62b49917baa64f5aa8405cb4d4285e9d5481ef25cc6794ea6a4c895b26994b060bdc4d7cebd8213cb15589da3b9545f9296ed1b5e2be1ab572fdd4b2fe2412e72fe15948a686ed1b017439c4e15cc26d43504a5ce3d2c2ce1ab97ec2277800df99432cf0005e403b63104e937dea38d2128756f88376464095fbfbc9483ff9cfe9e010acaab4620494178bba4f5aac405cb0bdd159a378c40928250ea8651d22d42a8cf386f75a8602ca009d38d41fa0db708953633589319253d82f25207f0a467818231c87a25494178b4c4f5aae4050bfeeb59a060bc6e04921484d25f8254f282f536c33d0f1408afc092a4108c48c187e8ca4b1fc39d9e090ac21c0618822405e0f6d25e609e9682750fb33c1714807ecc3104494abd593c9082a34841c19aca639e0d0a801b84921482879862c1fac9ff793628005ee22e4921b8231547918a8235c8a7a229f5a6f39e214852ea0d4ec96febf274c47187678452ae1ff30d4192522f2d8d222505eb21a6794e28e5054b929476d378c482b5b499a9b8e25f5a3e6fd12049e9772f332d58bff49f14dcb3425a9e850c3604494abdf4dc5b3335056b845b304ab18ff9d1102429e5dee2130bd66fddee99a1d472835092d22f4db77d4a51c17a92099e1bb260499272329ea72c58cb32d79b3528b5fa1b8124a5dcff312f45475396a66bcbd7640c353d4394c27745ab1b82b402efd1c6105462f368c9b8141d4f799ac219e75309954a6e104a52da3d92aa7a95b28205377986c8822549aab25b53763c292b58efd3d77344162c495295bc95bae7c596a72da2ee9e254a9945bc6f0892946ae96b0fa92b584f33daf344a9f239330c4192526c0ccf59b0566621b779a628555cbf92a474ebce420bd6cadde57a815265a81148528a4da7670a8f2a85056b2af778b6c8822549aa94bb9966c1aa9c5b58e4f9a2d4f8d0082429b516f1ef541e572a0bd617bce819a394f88a89862049a9f51c5f5ab02aef66cf18a58497b84b529aa5f5f64e292d587d18e239a354f00a2c494aafc1bc69c1aa9aeb3d6b64c19224add03f527b64a92d584ff285e78d2c5892a4e5fa8c672d5855b5901b3d73547213f9c6102429a5ae4ff15d07cad31bdb3d8cf3dc51890d3302494aa96f7920c54797e28235975b3c7b5462238c409252ea26e659b072731b533d7f64c19224fdc634ee4af5f1a5ba60fdc81d9e412aa94f8d409252e9d6543e20279082053731c7734825e40a9624a5d11cfe93f2234c79c1fa81fb3c8b543233fc0ca124a5d2dd7c6fc1cacf752cf43c52897c4a85214852ea2ce4a6d41f63ea0bd6289ef24c5289b841284969f4684a1ff01c54c1826b5d4590054b92b45805d70570940114acf7e9edd9a492f0338492943e4ff39105ab30ae700d4b25e10a9624a54d05d704719c4114acf779c1334a899b1fc01ebf2465cdb30cb16015ce5f5dc352e2be62be214852ca5c1dc8710652b086f0a2e7941236da082429659ee53d0b56615dee1a961236ca08242965ae0ee6488329584378d9f34a8972054b92d2a517832d588577a567962c58929461570574ac0115ac81ae61c982254999d53ba0f5aba00a165ce1d9250b962465d455411d6d50056b20af7a7e29213398600892941a2ff0ae05ab78bc0e4b4971fd4a92d2e46f811d6f6005ab9ff77497054b9232e7390659b08aeb2216799ec982254919b288cb833be6e00ad6c73ce699260b962465c8437c68c12abecb7d429c12f0b51148522acc0ff22e020116ac2fe8e9d9a6a21b670492940a77f2a5052b195732cbf34d45f69d1148520acce69a208f3bc882f51db779c6a9a82af8c110242905baf36d90c75d46458887dd982f69ec59a7a299c4aa862055da7bb4310415c5545a3339c8232f0f33f029dce459a72272835092d2e0fa40eb55b0050b6e720b4745e425ee92547ae3f977b0c71e6cc19ac13f3cf35434ae604952e9fd8de916ace4ddce28cf3d15892b5892546a63b82be0a30fb860cd0bf2c663b26049922ae352e65ab04ae301def3fc5351b8452849a5f52e0f077dfc4117ac0afee419a8a270054b924aeb4f61de472a8e82056ff1ace7a08a6082114852093dc13b818fa03cf429389f799e872ab84946204925338f4b821f43f005eb4beef04c54812d62aa214852c9fc9b2f821f4359e05b9c406346d2c4b351053499a6862055818fca51214d618308f611ca6398086f39aa42172c4952a95c19c5651ae5314cc52d8cf47c94054b9222f025b747318e280ad63c2ef58c94054b9222f0a7483ebc561ec7743c463fcf4959b02429706ff34c2423298f654ace0fff6a7d59b02429d362ba817834056b108f7866ca82254901bb9fc116acf4398f1f3d375510538c409212379d8b221a4d4405eb7b6fd7200b962405eb8aa89e035b1ed3d4fc8bcf3c3f65c192a4008de0d6a8c61355c19ac71f3d435500338d409212762ef32d58e9f52acf798e2a6fb38c409212f5242f4736a2f2d8a6e85ce6789e2a4fae604952926647747b86680bd6286ef04c559e5cc192a424fd833116acf4bb26c26992054b9262f515374638aa080bd66cfeecd9aabcb8452849c9392bcab7b5e5314ed513d15d2aa764b982254949799567a31c57799cd315db873d95a4f99e3d929490786fb01469c11ac1cd9eb5ca91eb579294941ba3bd457879ac537605a33d6f65c192a4141bcbd5d18e2dda82358b333c7395132f7197a4649c11f16fdcf278a7ed459ef4dc554ee55c92547c0ff37cc4a32ba322dec1adc9701a79064b92943ad3d894ef221e5f79cc93378ecb3d8325494aa10ba3ae5791af604139fdd8c9b35892a45419c42e2cb260856c4bdea38667b22449a9b180edf830f23196c73e891f71ab67b22449297243f4f52a032b5850974f58cfb35992a45418cb6619b8214e79fc13e91db124494a8f333371bfc1f22c4ce58b3cedf92c49520a3c4aef4c8c33035b84006b328cc69ed5922495d42436e3874c8cb43c1b133a8ef33dab25492ab1b33252af32b38205f002fb7a664b925432cfd3393363cd50c15a9b4f7c708e244925328dcdf92633a32dcfcec47ecb459edd922495c8b919aa57995ac182325e626fcf70499212f71a1db35439b255b0a0251f53dfb35c92a444cd644b46656ac4e5d99ae0315ce2592e4952c2fe94b17a95b9152c28e70d76f34c972429316fd23e6b75237b050b5af111f53cdb25494ac42cb66264e6465d9ebd891ec5159eed922425e4d20cd6ab4cae604135de6167cf7849928aae1fbbb1c8829515adf880553ceb25492aaa996cc317991c797936277c141778d64b925464e764b45e6576050bcae84527cf7c49928ae6390ec8ecd8335bb0a0191fd3ccb35f92a4a298c8167c9fd9d1976777e2c7d3cdb35f92a422392dc3f52ad3050b9ee17ecf7f49928ae06e9ec8f4f833bc4508d0900f69e14f81244905359aadf931d3099467fb0498c67199bc3b872449c5b38893325eaf325fb0e01dbafb93204952015dcf5b99cf20e35b8400b518cc16fe3448925410c3d88e39994fa1dc13612e2730cf1824492ac89faa4759af2c583f19caa58620495201fc998f0d01b70897c4f01c9d8d4192a4bcbc48278b85056b69abf1216b1a83244939fb96ad99680c805b844b4ce0186fd8204952ce167182f5ca82f55b6f708321489294a3ab79cd1096708b7029d5799b9d8d4192a42a7b9776cc37060bd6b2b5e27d1a1a8324495532956d18630c4b718bf0174671aa2148925445a759af2c582bf6383d0d4192a42ab883470ce157dc22fc8d7abcc7c6c6204952a50c677b6619c3afb882f51b33399cd9c620495225cce168eb9505ab723ee67c439024a912cee443435806b70897e35e8e3704499256e8418e35040b5655d463109b19832449cbf5313bb93d68c1aaaa0d194c03639024699966b03d9f1ac372780dd6727d4e5743902469992a38c97a65c1cacda3fcdb1024495a869b78c21056c02dc215aac19bec620c9224fdc24076679e3158b072d79cf759d51824495a623c6df8c61856c82dc295f89a2359680c92242db688e3ac5716acfcbdc635862049d26257f08a21ac945b84956aa12fb2b7314892c46bece3ce8e05ab509af22ead8c4192947163d89e89c650096e1156ca240e66a6314892326d06fb5baf2c5885f52127b8d82749cab00a4ee16363b06015da93dc600892a4ccba86c70ca1d2bc06ab4a6db417fb19832429835e613f2f6eb760154b63de657d63902465cce7ecc85463a802b708ab640a5df8d118244999329d83ad5716ace2fad48bdd25499952c1c90c33060b56b13dc3df0d4192941957f284215499d760e5d44a9fa18b31489232e0590e66913158b092d190816c6c0c92a4c80d6727a61b83052b39eb3188d58c419214b149ecc44863c889d760e568340733d7182449d19ac7a1d62b0b56f2fad2cd10244991aae0f7bc690c16ac52b8976b0d419214a5abb9df10f2e0355879c6f710471a832429324f70849f1db46095521dde6407639024456408bb31cb182c58a5b52683686e0c92a4487ccb8e7c6b0c79f21aacbc8de30066188324290a33e864bdb260a5c3508e60a131489282b78863f8d0182c5869f102171b82242978e7f19c211484d76015cc1d7435044952c0fec3998660c14a9b6a3cce41c620490a546f0ef482170b561ad5a10fbb1883242940efd29e99c660c14aa755e9cb46c620490acc48da32de182c58e9d58afeac6e0c92a4804c60171feb5c607e8ab0c046d1d9bb62499202328b2ed62b0b56fabdc7112c3006495210e67308838cc182158217f883214892025041375e32060b5628eee64a439024a5dee5f43484a2f022f7a2f90fa71b822429c5eee25443b06085a63acfb29f31489252aa370779cdb0052b44757889dd8c4192944203e8e88d452d58a16ac01b6c6b0c92a494f9903d99620c16ac70adc6db6c6c0c92a414f9825df9c1182c58615b87beb4300649524a7c433bc61a4391799b86044ee48ebe4f9024a5c404f6b65e59b0e2f005fb30d518244925f723fb32c2182c58b1f8904ecc3206495249cda60b438cc1821593fe1ce9dd46244925349fc378db182c58b1e9c5892c320649524954d095e78dc18215a30739c710244925a95767728f3158b062752be7198224297117739b2158b06276137f36044952a22ee33a43b060c5ee06fe660892a4c45cc1d5869038efe45e125773892148921270237f32040b56765ccb858620492ab29b39d7102c58d9f24fdf5348928aea56ce32040b56f6a2ff37a71b8324a948eee654ff90b7606533fcdbe9660c92a422b88753bcbdb5052babcab987e38c419254608f71340b8dc182955dd57880238d419254408f70acf5aac4bc0f56892de458ee3506495201ebd571d62b0b961672920f30902415c8dd1cc30263b060e9a74770fedb18244979bb93ae5eda6ec1d2ff2ad65974370649525efe8f6ed62b0b967e59b1cee11a639024e5ec464ef3936b162cfdd6a55c650892a49c5ceff34152c5db34a4cc855c6b0892a42aba8e8b0c21555cc1f247449214b8cbfdb323755cc14aa1f3b9c11024499574a9d7f05ab054397fe466171725492bb5883f7a2f450b962aef68eea186314892566021bfe71e63b060a92a3af318758c4192b41c73398aa78dc182a5aada9de768600c92a46598c141f431060b9672d1861759cd182449bf3299fd18640c162ce56a635ea1b931489296f21dfbf0893158b0948f7579950d8d4192b4d867eccd57c69072de0b20f5be6257861a83240980f7d9cd7a65c152218c674ffa1a832489b769cf7863b060a930a6b10f2f188324655c2f7ec73463b060a97066b13f7718832465584f0e66b63158b054580bf90317f9990449caa40aaee46416184430fc1461604ea4878fd091a48c59c019f430060b968aa9234fb28a31485266cce470afc3b560a9f8b6a337ab1b832465c2f77466883158b09484f578918d8c4192a2f725fbf2853104c88bdc83349a5de8670c9214b941ec6cbdb260294993d99b5ec62049117b96f64c30060b9692358b83bc33962445eb3f1cc22c63b06029790bf903e7b0c8202429badfef1771260b0d22605ee41ebc7d798406c62049d198c1313c670c162c95da96f4625d6390a4287ccbfebc6f0cc1738b30021fb113838d419222f02edb59af2c584a8b71ecc6c3c62049817b823df9de182c584a8f391cc395c6204901bb8523fcdc6034bc062b2a47d293dac62049c1994b57ee33060b96d26a179ea699314852502671086f1983054b69b63ebdd8d818242918c3e9c22863888cd7604567243bf0b4314852209e6717eb95054b2198ce215ce41dde2529f52ab88efd99661011728b305a9d798086c62049a935831378ca182c580acd463ce3d55892945223399061c6102db70823f6193bfa342b494aa597d8c17a65c152a87ee460ae7391529252a582ebe8cc1483889a5b841970047753cf182429156672128f1b83054b31d8926758cf1824a9e4bee62086184306b84598091fb103af1a832495d84b6c63bdb260292613d9c77b6349520955701d9d98641019e11661a6b4e721563706492ac1dbdc6379d9182c588ad53a3cc6cec62049891acce18c31864c718b3063be6137ae3306494a500fda59af32c715ac4c3a907b7c8c8e2425603abfe73163b060292b36e409b63006492aaa111cca7063c824b70833ea7376e46e6390a4227a80edad57162c65cd6c7ecf1f986310925494dfb1a7721c330d22b3dc22ccb84d79c4ad42492ab0111cc587c69069ae6065dc7076e4166390a402ba9fedad5799e70a968083b98bc6c62049799bc61f78c41864c1d24fd6e521da1a8324e5e55d8e62943108b708b5d857ecc1952c340849ca5105b7d0ce7aa5c55cc1d252f6e401d6320649aab21f389e578c414bb882a5a5bcc156f4360649aaa257d8ca7a250b96966f22fb731e730d42922a690e67f33b7e3008fd825b845a86cd7880ad8d4192566a18c7f28131e8375cc1d2327f61ece025ef92b41215dc421beb9596c9152c2dd72edc476b6390a4651acb09bc650c5a0e57b0b45cfdd9961ec62049cbf0385b5bafb402ae6069250ee60e563506495a62025d79c61864c1527e9a7127fb1b832401f03227f39d316825dc22d44a8de7004e60864148cabc599cc3bed62b55822b58aaa4f5b9975d8c415286f5e304be3406558a2b58aaa491b4a39beb5892326a3617b1bbf54a95e60a96aa643deea2bd3148ca987e9ccce7c6a02a70054b55329a0e7463ba4148ca8c595cc46ed62b55912b58ca410beea4a33148ca8057e8ca58635095b982a51c8c656f0e67b241488ada34baf13beb9572e20a9672b626b771a031488ad40b74e31b63508e5cc152cec671108733c9202445672adde864bd521e5cc1529ed6e4160e350649117994b3f9c11864c152a9edc77f68690c9222309a3378d1189437b70855002fb0295732cf2024056d01b7b0a5f54a05e10a960a664bfe8f9d8d4152a086d08d21c6a00271054b05f3116d39c19b37480ad054ce6107eb950ac8152c15d81a5ccf71c6202920bd39cd4f0cca82a5f4f3a27749a118c519bc640c2a38b70855042fb019d733df2024a5da3cfec1e6d62b15852b582a9a0db9997d8d41524abdce590c330615892b582a9acfd98ffd196d109252e71b4e602feb958ac8152c15591d2ee4426a1b84a49498cdf55ccb1c8390054ba15b876bfc64a1a454e8cd59aeaccb82a578b4e7163633064925f439e7789f7625c46bb09490d7d98673f8d1202495c44caef431384a902b584ad45a5ccfd1941984a40455703f17f2bd41c882a5986dcf0dec660c92123290f3e96f0c4a985b844adc6076677fbe34084945f70587b38bf54a25e00a964aa40627f17756330849453285ebb899b906210b96b2a60917700eb50c425281cda7279731c12064c152566dc0d51cea65ef920aa837e732d21864c152d6edc48dec620c920ae03dcee76d6350c97991bb526020bb721c630d42525e46730c3b58af940aae6029356a701257b0a64148cac1446ea0bb4f1894054b5a967a9cc9453432084955309ddbb8c62745c88225ad48132ee02cea1884a44a98c55dfcddcf0bca822555c66a9cef0d1c24adc47c7a7225df19842c5852e5b5e0124ea19a41485a86453cc925de8c41162c29179bf1570e330649bfd2870b186a0c4a316fd3a0541bc6e1ecc2cb0621698917d8898ed62ba59c2b580ac2d65ce2fdde25d187cb18640cb2604985b315975ab2a44c97ab4b79d71864c1922c59920a55ae2e61b031c8822515cf965c66c9922c5792054b2ab42df88b254b8a5e05cf7325ef19842c585272b6e6220ef53e5952a416f218d7f29141c88225256f3dcee1541fab2345662e8ff1773e370859b0a4d269c6e99c45638390a2f023f7709d8fbf91054b4a83fa9cc29f58c720a4a0fdc0ff7133530d42162c293d6a722417b3b1414841fa925bb9833906210b96943ee574e212763208292843b99907596810b2604969d69e73e8e48336a5002ca21737f3a64128c282b5c0cfb92b46ade84a371a1984945a3378889bf8d42014a38565ccf233ee8ad52a9ccc39b4340829754673073d9862108ad5ac32a6d2d01c14af723a71161d0c424a8d21dcc2432c3008c56c4a193fd0cc1c14bb6df803c753db20a4929ac7b3fc8b8106a1f87d5fc617ac6f0eca8235399daebe9f904a643c3db88d7106a16cf8ac8c017ea65dd9519303e8ca5e3e265a4ad4107a703fb30d42d9d1af9c49a6a0ec98c7e3746413ae63b2614809f8911e6cc576f4b05e295b269533d11494359f71116b7338fd8c422aa22174632dbaf19151289305eb6b535016cde171dab11d3d986918923f5f52617d55ce185390efb03f360aa9405c219680d165ec451f7350d695d18e933994fa4621e56c3a8fd393be0621c1ee65b464b439480075e8ec670ca59c0ca1070f31c320a49f342fa38ca9343009e967eb72147ff0013b52257dc7fddcc5488390fe670a4dca80beb4350b6969e5b4e7780ea1ae5148cb359757b98fa77de88df46b6fb14739f8095ae9d716d187e3599b6e5ea82b2dd3702e621dbaf0b8f54afaad8fa13a30c424a465994a0f7ab005c770242d8c4302600c0ff3109f1884b47cef4319b03123cc425ab1361ccf11ac6e10cab0c93ccf7dbc468551482bb6215f940165fcc06aa621ad4c35f6e4780e6415a350c6cca637f7f312f38d425ab9f1ac0ee54005034c435ab985f4e1789ab13f8f33cf389499b3fe049a7138bdac5752e5f4839f0a16de6a54aabc39f4e270d6e40fbcc522e350c4d5ea4dbad28c8edce7fdada4aa7815587c47c50df8dc3ca4aa6b4a270e636f6a1a85a2aa5603799cc7186714522e5a338a25b7acfe82f54d44ca4d63ba70181da965140adc5cdea1370f33de28a45c7dca26f0f31621f43611295753b88f2e34617fee772b45819a436f4e60753ad2dd7a25e5e3f99ffedfcf2b583bd3df4ca4fcd5a103877180cf9f523066f13a8ff334d38d422a84ed796fe98255c668efa428154a6ddad3994eac6b144ab1b13c4f6fde608e514885328af57fba555cf5c5ffa0822738df5ca4c298c30bbc00b4a20b9dd963c90f9a94068b184a6f7af1beb70c950aedb19f7facca96fca34d186e2e523134a53d5de84223a35089cde40d7ad1cbcf074ac5b2e9cf4fc7295bea1ff6676793918aa51a3bd3992e6c6a142a8151f4a1372f7b8b5ca998de61b79fffe3d205eb24fe6b3652b16dc83e74640f1fb8a344fcc81bbcca2b7c611452f19dc07dcb2a5875f98aa6a62325a11a5bd3810eec4e0dc350112ce403fad087b75db3929232917599bdac8205577199f94849aacf4e74a0036d8c4205328a3ef4a10f538c424ad6955cf1bffff2cb82d58cb1d436212979ade8c8deec4963a3508e26f33aaff22aa38d422a8539b4e487e5152ce8c1a9662495b26875a01d7bb28e51a892c6f32e7de9c3501f3e2e95d2ed9cbef47ffd75c15a97cf7da09a9486a2d58eb6ec4d4ba3d0728ca32ffde8ebddaca43498cb067cbda28205b7719a394969b1166de9403b6feea05f14ab3ef463985148e9710b67fff21ffcb660adcd17d43129295dd66157766447b6718939b36f8fdf671003e9cbb78621a5cd2cd6fff5fd7bcb96f1aff9594229b5aab3116d69471b3659e68faf62338e21f4a51feff9c44029bdfecadf7efd8f96f51bba2e237c46ad94766bb03d6d68435b3f7918a1997cc010faf2f6d21f4a92944edfb031332b53b0e0b8ffdd895452ba55633376601bb6662bea1947d066f0114319ca6086b1d038a4501cc523bffd87cb2e5865bc4207139342b3166d68431bb66775c308c654863184210ce1536b95149e37d86b591fe55dde451cebf1b16f86a5b0abd6a66ce6b55aa9358e210c6118c319ee6d16a470cd624bbe5cd6ffb0fcdfbc1772adb949e16bc8fa6cc6a66cc6a6ac67d92aa9290c6718c319c6478c370e29067fe2c665ff0fcbff6d5bceebec6e72524c1ab0c192b2d592720349b4547dc804e390e2d2973d96b7b3bfa2b7b3ebf1010d4c4f8ab56c6dc2a6accffab4667d1a1a48c14ce54b46f2252319c608a61b8814ab696ccd98e5fd8f2bde2ff0d384524634a6d5527fb99558355318f58bbf2465c2323f3d58b982e5c39fa54c6ac8fab4a605cd69c13aac433323f985f17ccd378ce56bbe62245f32cd48a4ecb98d3356f43fafac60d5e26d76304529db6ab1366bb126ad16ffbd358d3234fa397cc728c62df9fbe76efb491ac81ecccda7604173def3edaba45faa4363d664ad5ffd7df5c02f9c9fc314be63dcaffe3ecedb2848faa5efd96e658f05adcc8516dbf1a6f7c492b472b5598d356846131a2df9abf192ff9f0e5398cad4c57ffff9afc98c671c1356fc7654927e329bf60c5cd9bf54b92b59bbf034d54c54523e7eae5cb568402dea529f1a34a23a0da84d9dc5ffad0c16ff1d6015aa2ffe4f75a9b5f83fcd65d6e2ffb460c9565d055317ff7d3e3398c55c7e64015399c7ccc5ff6dee923225497959c4a13cbdf27fadb21f153a9b9bcd54922465dc19dc56997fadb2eb5283a8604f539524491976093755ee5facfcc6df5bd4a69dc94a92a48cba89bf54f65fadca9555af51eec373244952265dc79f2bff2f57edd2f5379943071396244999ab571755e55fafea6703fb3195bd7d8a862449ca8c85fc917f54ed4b72a94a07f100754d5b922465c04c8ee1d9aa7e516e6b513bf1ac7777972449d1fb9efd195cf52fcbedb9160369b3f27b984a922405ed3d76caa55e91f3fdd97fe4011ab0a3c94b92a448f5e05026e7f6a5b93f0067212f318abd963cbf42922429165339896b5998eb97e7fb79c016dccfaece8224498ac8408e61543edf20df47384fe37e66d1961ace8524498ac02c2ea66bae5b833f2bcc1dad5af17f747446244952e0dea22b9fe7ff6dca0b7230a3d88763f9c659912449c1fa9aa3d8a310f52aff2dc2fff9981e2c6407370b254952706671354733b450dfae5a010f6d3e6f70278bd88eeace9324490ac43ceee6107a33bf70dfb2184f155c974b3881dace9724494ab9d9dcc33ff8bad0dfb6588f6d5e8d333883559d374992945213b99b5bf8ae18dfbaac88875d97c33895b6ce9f24494a9977b88bc7995dac6f5f56f4016cc2891c4e4b67529224a5c0681ee55e3e2dee8b942532943276e0703ab3a1b32a49924ae4337af318ef26537d92d48adfd191b6ace61c4b92a4848ca71faff212a3937bc9b2920c742376613bb6600b1a39eb9224a908a6f0311f33847e85b975680805eb7f9ad38a96ac470b9a2efeab1a35a8ef592149922a6906f359c064263189498c6534a31955da27ccfc3f2cf1fdd77dce37690000002574455874646174653a63726561746500323032342d30362d31355430323a35333a34322b30303a3030d9f7556d0000002574455874646174653a6d6f6469667900323032342d30362d31355430323a35333a34322b30303a3030a8aaedd10000000049454e44ae426082, b'1', 'image/png');
INSERT INTO `user` (`id`, `address`, `date_of_birth`, `name`, `password`, `role`, `username`, `email`, `phone_number`, `avatar`, `gender`, `avatar_type`) VALUES
(27, 'HaNoi', '2003-08-19', 'TranTienAnh', '$2a$10$IaplYTZHNIWFnCHUGObIN.R914/tML3P6JIzIC.dFXub7.Esa5Gim', 'USER', '6', 'tienanh@gmail.com', '0123456789', 0x89504e470d0a1a0a0000000d49484452000000e1000000e10803000000096d22480000007b504c5445ffffff0000002121210c0c0cf9f9f9979797efefefa8a8a8d5d5d5060606fcfcfcb6b6b6b1b1b19e9e9e131313181818797979cfcfcf1c1c1cc0c0c0252525dbdbdb5b5b5b1212128989897070703a3a3ae2e2e2454545bcbcbca5a5a56767679090902c2c2c4c4c4c2424243434345555558484845e5e5e414141d881a62d0000051949444154789ced9deb96a23a10464950112fa041dbbbadcef4e5fd9ff024a14f6323353a805061befd53adacec554ae526781e000000009ec9a8ed0e34c2a85792b63bfe003683c92f5112f68ae93734114a9683bd612a785c2919e7721386f7f3173b6068990addd3cd61fc836930bec7611373374c33383382ebdc5b3d6f703fbeef7337b4bc1ac169fed5d1e081ae7337b4191c7cf8528949b916b81b1a069f46302919cddbd06670f93b92b11c966d83b7a161a8cb6074de958ee76c683338564afafb07ae99149c0d0d139dc1f0a54a0fd91aa665f064eb7ca586d81a5a6c9d7fafd60653439bc1dec608f62b36c5d4d0d07b0bcbd7f90c9686e940e652a5ce67b03434ecf4b427f697d51b6268683338ffa5ebfceff2753e83a1a1c1cce7fd4b853a9fc1cd302d834158b5ce677033b4d450e7337819da0c8ed635d4f90c5e868651f17cbe349c0cd33268052bd7f90c4e8686ded9d4f9798d2df2314ce7f3675de7550d753e838fa161ee2bb9dad651e73398187eaddbc7b5d5f90c268696c0cce7dfeaee0d0bc3348376ddfeb5f6c659185a0ad7ed6b8081613a9f9fd55be73318181a7afb500b8e9fd174eb86e94066bfaa653e5f44eb868665acebfca2d63a9fd1b6a149e168114bb5afb7ce67b46d98764248ff191799b4f1b60d4d12070ba5ce350f65be69ddd01208199e9ed4360f436fab47dc4ffa2132313c08b99a3df2c1e55f7f9999187a97588a07cac5523869682e367321e3b7bb9f5c2edc35f4662b7977f162182a370dade24ee8aaffe78fcdf5fcd15143cbdabf33f44e42259d361c48a5b67fe84ae29ba389ae1ada5fa249223d763ba4672f5d354c392ba52881899e20af62970d4d16f5d8cd2796318ca038bd470e1b5ab6d4b5f298eed598ceba6d980819156daa4dbf36a3dc36b4171b3376bb3da267b7134f9eeb8696a51ebbbde45f5c7f6f46396e6893f8aaaf25b905a9f76cb7cd7143cb2e96f1e5c72bb3abedc42e187ab3dcd86d73bd5feabca15db2f1a53a671dfa10d707bf9c37b4e8caf03d761b7d8452c5d99cca7d43bb781a7effc7a5f7a2131a5f550ff70d2d93ffc76e3d7374cfbf2e8f1d30b415e353c970a705b72b9dc11f6b371d30b48c855c6dbcc136ba399bd81543ef2596d1781fc9e833b7fad619c3a1ae819192d1366fd319436f13e9d97c74bba4d10dc3af75b722c10e197a6bbf48b02386969eb8f90d1a3a64e825b64ff9ffe077c9d072739381ce19ded01943f206119d312415614806b133a4802119044336c0900c82211b604806c1900d30248360c8061892413064030cc92018b2018664100cd900433208866c802119044336c0900c82211b604806c1900d30248360c8061892413064030cc92018b2018664100cd900433208866c802119044336c0900c82211b604806c1900d30248360c8061892413064030cc92018b2018664100cd900433208866c802119044336c0900c82211b604806c1900d30248360c806189241c586e47de1da038664903386d3b286c5efb46a3811f12daaecd390a4ca37656ffbdeb2a12ca69ce10d210bc3382aa084a1b86944a68fcc6cdb50bdce0ad8fc75691b6f6e1a513c0c0b1e3853175c0cef3d49af3c306c02185603864d00c36ac0b00960580d1836010cab01c32680613560d80430ac060c9b0086d5806113c0b01a306c02185603864d00c36ac0b009fe0dc3ceef01af26cbe193606228c55dfc9230398bb1984e82603aee4f0ec1697c3c5c82a01f1c0efd75d09fcc8ec92949869b983874731f0e86e18f6c8585390c4b23fa6d1bee8ec15339cedb360400807f97ff00e16d50416fae2d800000000049454e44ae426082, b'1', 'image/png'),
(28, 'HaNoi', '2003-08-19', 'TranTienAnh', '$2a$10$w4n6031S1bGx07BkVlZABeQP/lefmXlTOmJU3zgM4C.0fE6n2klbe', 'USER', '7', 'tienanh@gmail.com', '0123456789', NULL, b'1', NULL),
(34, 'CaMau', '2003-11-11', 'Phạm Tuấn Anh', '$2a$10$dnBFQuBhz5pD2ftqhppneOOPDT7bHDbvXcttAtLzGNcMamocUw4sK', 'USER', 'TuanAnh', 'tuananh@gmail.com', '02222222222', NULL, b'0', NULL);

--
-- Chỉ mục cho các bảng đã đổ
--

--
-- Chỉ mục cho bảng `client_info`
--
ALTER TABLE `client_info`
  ADD PRIMARY KEY (`client_id`),
  ADD KEY `FKqukmmppj8qs7ekjanqwgv7u5f` (`ticket_id`);

--
-- Chỉ mục cho bảng `flight`
--
ALTER TABLE `flight`
  ADD PRIMARY KEY (`flight_id`);

--
-- Chỉ mục cho bảng `flight_ticket`
--
ALTER TABLE `flight_ticket`
  ADD PRIMARY KEY (`ticket_id`),
  ADD KEY `FKqy7ponlnhfm5bj3febi7artde` (`user_id`),
  ADD KEY `UKob6u5canmunnj9fl04m2qwcd6` (`flight_id`) USING BTREE;

--
-- Chỉ mục cho bảng `mail`
--
ALTER TABLE `mail`
  ADD PRIMARY KEY (`mail_id`);

--
-- Chỉ mục cho bảng `user`
--
ALTER TABLE `user`
  ADD PRIMARY KEY (`id`),
  ADD UNIQUE KEY `UKsb8bbouer5wak8vyiiy4pf2bx` (`username`);

--
-- AUTO_INCREMENT cho các bảng đã đổ
--

--
-- AUTO_INCREMENT cho bảng `client_info`
--
ALTER TABLE `client_info`
  MODIFY `client_id` bigint(20) NOT NULL AUTO_INCREMENT, AUTO_INCREMENT=57;

--
-- AUTO_INCREMENT cho bảng `flight`
--
ALTER TABLE `flight`
  MODIFY `flight_id` bigint(20) NOT NULL AUTO_INCREMENT, AUTO_INCREMENT=21;

--
-- AUTO_INCREMENT cho bảng `flight_ticket`
--
ALTER TABLE `flight_ticket`
  MODIFY `ticket_id` bigint(20) NOT NULL AUTO_INCREMENT, AUTO_INCREMENT=17;

--
-- AUTO_INCREMENT cho bảng `mail`
--
ALTER TABLE `mail`
  MODIFY `mail_id` bigint(20) NOT NULL AUTO_INCREMENT, AUTO_INCREMENT=22;

--
-- AUTO_INCREMENT cho bảng `user`
--
ALTER TABLE `user`
  MODIFY `id` int(11) NOT NULL AUTO_INCREMENT, AUTO_INCREMENT=35;

--
-- Các ràng buộc cho các bảng đã đổ
--

--
-- Các ràng buộc cho bảng `client_info`
--
ALTER TABLE `client_info`
  ADD CONSTRAINT `FKqukmmppj8qs7ekjanqwgv7u5f` FOREIGN KEY (`ticket_id`) REFERENCES `flight_ticket` (`ticket_id`);

--
-- Các ràng buộc cho bảng `flight_ticket`
--
ALTER TABLE `flight_ticket`
  ADD CONSTRAINT `FKqntljqeqw8rpw7ja90tqlebcg` FOREIGN KEY (`flight_id`) REFERENCES `flight` (`flight_id`),
  ADD CONSTRAINT `FKqy7ponlnhfm5bj3febi7artde` FOREIGN KEY (`user_id`) REFERENCES `user` (`id`);
COMMIT;

/*!40101 SET CHARACTER_SET_CLIENT=@OLD_CHARACTER_SET_CLIENT */;
/*!40101 SET CHARACTER_SET_RESULTS=@OLD_CHARACTER_SET_RESULTS */;
/*!40101 SET COLLATION_CONNECTION=@OLD_COLLATION_CONNECTION */;
